ticker,empresa,trimestre,total_ativos,total_passivos,patrimonio_liquido,caixa,divida_lp,divida_cp,receita,lucro_bruto,lucro_liquido,ebitda,var_total_ativos_pct,var_patrimonio_liquido_pct,var_caixa_pct,var_receita_pct,var_lucro_liquido_pct,var_ebitda_pct,margem_liquida_calc,margem_ebitda_calc,alavancagem,trimestres_lucro_positivo,saude,saude_texto
ABEV3.SA,AMBEV S/A   ON,2025-03-31,147298979000.0,51823085000.0,94528274000.0,19118354000.0,284778000.0,1120592000.0,22497378000.0,11551646000.0,,7155912000.0,,,,,,,,31.807759997631724,0.5482284062438292,,0,Risco
ABEV3.SA,AMBEV S/A   ON,2025-06-30,142157543000.0,48946586000.0,92471636000.0,16404025000.0,299234000.0,1100578000.0,20090194000.0,10044071000.0,,5689976000.0,-3.490476332493786,-2.1756855520285945,-14.197503613543304,-10.699842443861684,,-20.48566276387971,,28.322155575003404,0.5293145889621764,,0,Risco
ABEV3.SA,AMBEV S/A   ON,2025-09-30,140754995000.0,48026583000.0,92027435000.0,18309248000.0,264066000.0,1050685000.0,20847262000.0,10727257000.0,,7532961000.0,-0.9866152512216675,-0.4803645952581648,11.61436293836422,3.76834589053745,,32.390031170605994,,36.134054438419774,0.5218724503187555,,1,Atenção
ABEV3.SA,AMBEV S/A   ON,2025-12-31,145087200000.0,56312400000.0,87914100000.0,18638200000.0,256900000.0,1167300000.0,24807666000.0,13055426000.0,,8595651000.0,3.077833934063934,-4.469683415603187,1.7966439692116198,18.99723810253835,,14.107201670100245,,34.64917255819229,0.6405388896661628,,0,Risco
ABEV3.SA,AMBEV S/A   ON,2026-03-31,142760913000.0,51937254000.0,90125793000.0,17991875000.0,234228000.0,1104305000.0,22464480000.0,11582867000.0,3768263000.0,7150643000.0,-1.603371627545369,2.5157432084273124,-3.467743666233869,-9.44541094676138,,-16.810919847722992,16.774316610043947,31.830885914118646,0.5762751402364914,1.0,1,Atenção
ALLD3.SA,ALLIED      ON      NM,2025-03-31,3434695000.0,1833020000.0,1601675000.0,338083000.0,368728000.0,131874000.0,1197135000.0,146421000.0,15061000.0,51261000.0,,,,,,,1.2580870160842343,4.281973211041361,1.144439414987435,1.0,1,Atenção
ALLD3.SA,ALLIED      ON      NM,2025-06-30,3335841000.0,1836682000.0,1499159000.0,237030000.0,320613000.0,155569000.0,1392922000.0,149483000.0,15857000.0,54673000.0,-2.8781012578991683,-6.400549424820889,-29.889997426667414,16.35463001248816,5.2851736272491845,6.656132342326515,1.1383982735573133,3.9250582588256915,1.2251415627028222,2.0,1,Atenção
ALLD3.SA,ALLIED      ON      NM,2025-09-30,3775486000.0,2083769000.0,1691717000.0,617723000.0,385005000.0,97155000.0,1412852000.0,150490000.0,262604000.0,393966000.0,13.17943511096602,12.844401427733821,160.6096274733156,1.4308051707130787,1556.0761808664943,620.5860296672946,18.586801731533097,27.884449326610287,1.2317479814886296,3.0,2,Saudável
ALLD3.SA,ALLIED      ON      NM,2025-12-31,3369335000.0,1817567000.0,1551768000.0,375871000.0,353667000.0,88026000.0,1501711000.0,184099000.0,39190000.0,62246000.0,-10.757581937795557,-8.272601150192383,-39.15217662285523,6.289335330239831,-85.07638878311069,-84.20015940461867,2.609689880409746,4.145005263995536,1.1712878471524093,3.0,2,Saudável
ALLD3.SA,ALLIED      ON      NM,2026-03-31,3390300000.0,1852753000.0,1537547000.0,290420000.0,354502000.0,95864000.0,1159438000.0,158025000.0,24687000.0,59240000.0,0.6222296091068502,-0.9164385397817165,-22.73412952848185,-22.792201695266268,-37.00688951263077,-4.8292259743597965,2.129221226145771,5.1093719543433975,1.205005765677407,3.0,2,Saudável
ALOS3.SA,ALLOS       ON  ED  NM,2025-03-31,26592040000.0,12393776000.0,13432552000.0,38382000.0,5713796000.0,429943000.0,649842000.0,475939000.0,254670000.0,646077000.0,,,,,,,39.189526069413795,99.42062839890312,0.9226672638229876,1.0,1,Atenção
ALOS3.SA,ALLOS       ON  ED  NM,2025-06-30,26434116000.0,12224839000.0,13446790000.0,105561000.0,5650926000.0,328318000.0,697883000.0,516858000.0,201401000.0,644091000.0,-0.593876964685669,0.10599623958276183,175.02735657339377,7.3927200765724566,-20.916872815800836,-0.3073937007508354,28.858848832827277,92.29211773320169,0.9091269366146121,2.0,2,Saudável
ALOS3.SA,ALLOS       ON  ED  NM,2025-09-30,26343579000.0,12172626000.0,13419243000.0,48994000.0,5654231000.0,287740000.0,678318000.0,517384000.0,125865000.0,608845000.0,-0.3425005776625967,-0.20485930099302108,-53.58702551131573,-2.8034785200384604,-37.50527554480861,-5.472208119660104,18.55545629041246,89.75804858488202,0.9071022858740989,3.0,2,Saudável
ALOS3.SA,ALLOS       ON  ED  NM,2025-12-31,26006439000.0,12107433000.0,13146445000.0,60570000.0,5553953000.0,352399000.0,833062000.0,601985000.0,252229000.0,652573000.0,-1.2797805491805092,-2.0328866538894874,23.627382944850382,22.81289896479233,100.39645652087552,7.1821235289770025,30.27733830135092,78.33426563689137,0.9209663144675233,3.0,2,Saudável
ALOS3.SA,ALLOS       ON  ED  NM,2026-03-31,24860241000.0,11813510000.0,12964627000.0,24965000.0,5556680000.0,285478000.0,663702000.0,472715000.0,248302000.0,583252000.0,-4.4073623459174875,-1.3830202765842792,-58.783226019481596,-20.329819389193126,-1.5569185145244968,-10.622719603783793,37.411669695134265,87.878596116932,0.911210943438635,3.0,2,Saudável
ALPA4.SA,ALPARGATAS  PN      N1,2024-12-31,6839725000.0,2803346000.0,4035592000.0,1488511000.0,1172151000.0,289441000.0,1122411000.0,373355000.0,2201000.0,88205000.0,,,,,,,0.19609572607538592,7.858529540426813,0.6946554557546947,1.0,1,Atenção
ALPA4.SA,ALPARGATAS  PN      N1,2025-03-31,6381470000.0,2329048000.0,4051629000.0,1098646000.0,603210000.0,325320000.0,1092486000.0,560484000.0,112362000.0,206687000.0,-6.699903870404144,0.3973890323897944,-26.191610273622434,-2.6661356668813863,5005.043162199001,134.32571849668386,10.28498305699112,18.918960975243618,0.5748423658730847,2.0,2,Saudável
ALPA4.SA,ALPARGATAS  PN      N1,2025-06-30,6194674000.0,2061199000.0,4133621000.0,864577000.0,420050000.0,302591000.0,1101360000.0,602789000.0,87892000.0,202095000.0,-2.9271625503214826,2.023679858150884,-21.30522479488388,0.8122758552512321,-21.777825243409698,-2.22171689559576,7.980315246604198,18.349585966441488,0.49864247351172253,3.0,2,Saudável
ALPA4.SA,ALPARGATAS  PN      N1,2025-12-31,6096758000.0,2772999000.0,3323904000.0,555595000.0,854986000.0,419782000.0,1255228000.0,632658000.0,197253000.0,263879000.0,-1.5806481503304326,-19.58856411848111,-35.73793889960062,13.970727101038726,124.42656897100987,30.571760805561745,15.714515609913098,21.02239593125711,0.8342596537084104,3.0,2,Saudável
ALPA4.SA,ALPARGATAS  PN      N1,2026-03-31,6287102000.0,2828441000.0,3458795000.0,794729000.0,847899000.0,463958000.0,1229460000.0,646844000.0,162809000.0,287358000.0,3.1220527368808204,4.058209864063467,43.04106408445001,-2.052854142833016,-17.461838349733593,8.897638690460408,13.242317765523076,23.372700209848226,0.8177532926929755,3.0,2,Saudável
AMAR3.SA,LOJAS MARISAON      NM,2024-12-31,1904258000.0,1619650000.0,284608000.0,92052000.0,4342000.0,226332000.0,468360000.0,246763000.0,5781000.0,141330000.0,,,,,,,1.2343069433768896,30.17550602100948,5.690809815606027,1.0,1,Atenção
AMAR3.SA,LOJAS MARISAON      NM,2025-03-31,2044038000.0,1756750000.0,287288000.0,9236000.0,0.0,227318000.0,297902000.0,152212000.0,2364000.0,160967000.0,7.340391900677323,0.9416460535192295,-89.96654065093644,-36.394653685199415,-59.10742086144265,13.894431472440383,0.793549556565582,54.03354123168022,6.114943889059063,2.0,1,Atenção
AMAR3.SA,LOJAS MARISAON      NM,2025-09-30,2130537000.0,1835109000.0,295428000.0,52179000.0,154845000.0,290265000.0,332752000.0,170479000.0,5839000.0,151772000.0,4.2317706422287715,2.83339366767843,464.95236032914676,11.69847802297399,146.99661590524533,-5.712350978772052,1.7547603019666298,45.61114583834207,6.211696250863154,3.0,2,Saudável
AMAR3.SA,LOJAS MARISAON      NM,2025-12-31,2056813000.0,1832656000.0,224157000.0,47990000.0,138398000.0,297528000.0,458090000.0,249051000.0,-70291000.0,83748000.0,-3.460348259617174,-24.124659815589588,-8.028133923609115,37.66709140741453,-1303.819147114232,-44.819861371003874,-15.344364644502173,18.281996987491542,8.175769661442649,2.0,0,Risco
AMAR3.SA,LOJAS MARISAON      NM,2026-03-31,2038200000.0,1909382000.0,128818000.0,10626000.0,125833000.0,350599000.0,286454000.0,140636000.0,-95815000.0,54852000.0,-0.9049437163222929,-42.53224302609332,-77.85788705980411,-37.46774651269401,36.311903373120316,-34.503510531594785,-33.44865144141817,19.14862421191535,14.82232296728718,1.0,0,Risco
AMBP3.SA,AMBIPAR     ON      NM,2024-09-30,14172412000.0,11349780000.0,1765848000.0,3559394000.0,7878872000.0,953902000.0,2121986000.0,395217000.0,30131000.0,519551000.0,,,,,,,1.4199433926519778,24.484186040812713,6.427382198241299,1.0,1,Atenção
AMBP3.SA,AMBIPAR     ON      NM,2024-12-31,14655272000.0,11922718000.0,1628304000.0,2293127000.0,7093209000.0,932561000.0,1610556000.0,260131000.0,75538000.0,658268000.0,3.4070417935916586,-7.789118882259405,-35.57535355737521,-24.101478520593446,150.69861604327767,26.699400058897016,4.690181527373156,40.87209634436803,7.3221695703013685,2.0,1,Atenção
AMBP3.SA,AMBIPAR     ON      NM,2025-03-31,17179562000.0,14723139000.0,1408629000.0,3385356000.0,10234962000.0,1052876000.0,1739754000.0,360366000.0,-190534000.0,485654000.0,17.224450013619673,-13.491031158800816,47.6305498997657,8.021950183663273,-352.23596070851755,-26.222450430523736,-10.95177823991208,27.91509604231403,10.452105557957418,2.0,0,Risco
AMBP3.SA,AMBIPAR     ON      NM,2025-06-30,16918392000.0,14751938000.0,1093325000.0,2616046000.0,9965222000.0,1343840000.0,1770716000.0,305243000.0,-171760000.0,544443000.0,-1.5202366626110742,-22.38375044103167,-22.72464107172185,1.7796768968486365,-9.853359505390113,12.105120106083756,-9.700030947932927,30.747053734195656,13.492729060434911,1.0,0,Risco
AMER3.SA,AMERICANAS  ON      NM,2025-03-31,17377000000.0,12902000000.0,4475000000.0,842000000.0,1777000000.0,499000000.0,2568000000.0,715000000.0,-496000000.0,-37000000.0,,,,,,,-19.314641744548286,-1.440809968847352,2.883128491620112,0.0,0,Risco
AMER3.SA,AMERICANAS  ON      NM,2025-06-30,16175000000.0,11799000000.0,4376000000.0,605000000.0,1833000000.0,502000000.0,3843000000.0,1087000000.0,-98000000.0,525000000.0,-6.917189388271849,-2.2122905027933015,-28.147268408551074,49.64953271028036,-80.24193548387098,-1518.918918918919,-2.5500910746812386,13.661202185792352,2.6962979890310788,0.0,0,Risco
AMER3.SA,AMERICANAS  ON      NM,2025-09-30,16154000000.0,11417000000.0,4737000000.0,404000000.0,1907000000.0,361000000.0,2690000000.0,784000000.0,367000000.0,817000000.0,-0.12982998454404981,8.24954296160878,-33.22314049586777,-30.00260213374968,-474.4897959183673,55.61904761904761,13.643122676579925,30.37174721189591,2.4101752163816763,1.0,1,Atenção
AMER3.SA,AMERICANAS  ON      NM,2025-12-31,16249000000.0,11490000000.0,4759000000.0,879000000.0,1995000000.0,365000000.0,3690000000.0,914000000.0,-44000000.0,548000000.0,0.5880896372415512,0.4644289634790022,117.57425742574257,37.17472118959109,-111.9891008174387,-32.92533659730722,-1.1924119241192412,14.850948509485097,2.4143727673881066,1.0,0,Risco
AMER3.SA,AMERICANAS  ON      NM,2026-03-31,16167000000.0,11737000000.0,4430000000.0,388000000.0,2069000000.0,361000000.0,3088000000.0,834000000.0,-329000000.0,49000000.0,-0.5046464397809092,-6.913217062408073,-55.8589306029579,-16.31436314363144,647.7272727272727,-91.05839416058394,-10.654145077720207,1.5867875647668395,2.649435665914221,1.0,0,Risco
ANIM3.SA,ANIMA       ON      NM,2025-03-31,9965999000.0,7045870000.0,2369748000.0,125352000.0,3936222000.0,354005000.0,1040122000.0,700985000.0,95724000.0,435437000.0,,,,,,,9.203151168805197,41.86403133478573,2.9732570720599827,1.0,1,Atenção
ANIM3.SA,ANIMA       ON      NM,2025-06-30,10000011000.0,7047683000.0,2379050000.0,103150000.0,4019788000.0,371094000.0,1005340000.0,595967000.0,9539000.0,366200000.0,0.34128038744536404,0.39253118897031314,-17.71172378581913,-3.344030796387343,-90.03489198111237,-15.90057803999201,0.948833230548869,36.42548789464261,2.9623938126563125,2.0,1,Atenção
ANIM3.SA,ANIMA       ON      NM,2025-09-30,10090277000.0,7183768000.0,2354428000.0,112989000.0,3886995000.0,532910000.0,1005915000.0,639337000.0,36543000.0,401556000.0,0.9026590070750906,-1.0349509257897016,9.538536112457585,0.05719458093780272,283.09047069923474,9.654833424358266,3.632811917507941,39.919476297699106,3.051173363551572,3.0,1,Atenção
ANIM3.SA,ANIMA       ON      NM,2025-12-31,10173712000.0,7340056000.0,2300465000.0,220007000.0,4175350000.0,456312000.0,972320000.0,597205000.0,-18051000.0,367819000.0,0.8268851291198365,-2.2919791983445625,94.71541477488958,-3.339745405923955,-149.396601264264,-8.401567900865636,-1.8564875761066315,37.829006911304916,3.1906836226588973,2.0,0,Risco
ANIM3.SA,ANIMA       ON      NM,2026-03-31,10556007000.0,7629377000.0,2388887000.0,105086000.0,4024279000.0,607408000.0,1120403000.0,758203000.0,106213000.0,478648000.0,3.757674681571488,3.8436576952920465,-52.23515615412238,15.22986259667598,-688.4050745111074,30.13139614864919,9.47989250296545,42.72105661980555,3.193695222921804,2.0,1,Atenção
ARML3.SA,ARMAC       ON      NM,2025-03-31,4575716000.0,3263279000.0,1263402000.0,470640000.0,2327233000.0,60100000.0,439917000.0,150831000.0,13154000.0,163468000.0,,,,,,,2.9901094979280183,37.15882768795022,2.582930057099799,1.0,1,Atenção
ARML3.SA,ARMAC       ON      NM,2025-06-30,4585303000.0,3304081000.0,1232630000.0,363919000.0,2333031000.0,95393000.0,451467000.0,147599000.0,-6493000.0,142713000.0,0.2095191222532211,-2.435645978081402,-22.67571817100119,2.6254952638793183,-149.3614109776494,-12.69667457851078,-1.4382003557292116,31.610948308514242,2.68051321158823,1.0,0,Risco
ARML3.SA,ARMAC       ON      NM,2025-09-30,4633471000.0,3314075000.0,1271345000.0,512001000.0,2335331000.0,61861000.0,494579000.0,195675000.0,37773000.0,220435000.0,1.050486739916634,3.1408451846864027,40.6909229801137,9.549313681841642,-681.7495764669644,54.4603504936481,7.637404742215097,44.570230438413276,2.6067471850677824,2.0,1,Atenção
ARML3.SA,ARMAC       ON      NM,2025-12-31,5340815000.0,4010477000.0,1279456000.0,239639000.0,2796073000.0,72691000.0,501794000.0,147093000.0,22646000.0,193316000.0,15.265963680359707,0.6379857552434531,-53.195599227345255,1.4588164883668764,-40.0471236068091,-12.302492798330578,4.513007329701033,38.52497239903227,3.134517326113598,2.0,1,Atenção
ARML3.SA,ARMAC       ON      NM,2026-03-31,5628601000.0,4268816000.0,1277803000.0,161967000.0,2832002000.0,236908000.0,451064000.0,121527000.0,-3338000.0,230667000.0,5.388428545081592,-0.12919553310156706,-32.412086513464,-10.10972630202832,-114.73990991786629,19.32121500548325,-0.7400280226309348,51.13841938172854,3.3407465783066717,2.0,0,Risco
ASAI3.SA,ASSAI       ON      NM,2024-12-31,45593000000.0,40338000000.0,5255000000.0,5628000000.0,14481000000.0,2496000000.0,20163000000.0,3418000000.0,430000000.0,1739000000.0,,,,,,,2.13261915389575,8.624708624708624,7.676117982873454,1.0,1,Atenção
ASAI3.SA,ASSAI       ON      NM,2025-03-31,44685000000.0,39300000000.0,5385000000.0,4402000000.0,15070000000.0,1648000000.0,18552000000.0,3066000000.0,117000000.0,1305000000.0,-1.991533788081501,2.473834443387246,-21.78393745557925,-7.989882457967568,-72.79069767441861,-24.956871765382406,0.630659767141009,7.034282018111254,7.298050139275766,2.0,1,Atenção
ASAI3.SA,ASSAI       ON      NM,2025-06-30,44303000000.0,38704000000.0,5599000000.0,4459000000.0,15331000000.0,1705000000.0,19002000000.0,3179000000.0,219000000.0,1548000000.0,-0.8548729998881011,3.974001857010223,1.2948659700136256,2.425614489003891,87.17948717948718,18.620689655172406,1.1525102620776762,8.146510893590149,6.912662975531345,3.0,1,Atenção
ASAI3.SA,ASSAI       ON      NM,2025-09-30,45121000000.0,39401000000.0,5720000000.0,4456000000.0,15354000000.0,1398000000.0,18956000000.0,3182000000.0,152000000.0,1576000000.0,1.846376091912516,2.16110019646365,-0.06727965911639266,-0.24207978107567696,-30.593607305936075,1.8087855297157729,0.8018569318421608,8.313990293310825,6.888286713286713,3.0,1,Atenção
ASAI3.SA,ASSAI       ON      NM,2026-03-31,47199000000.0,41312000000.0,5887000000.0,4366000000.0,14618000000.0,2252000000.0,18638000000.0,3523000000.0,320000000.0,1650000000.0,4.605394383989725,2.9195804195804254,-2.019748653500897,-1.677569107406629,110.52631578947367,4.695431472081224,1.7169224165683012,8.852881210430304,7.017496178019365,3.0,1,Atenção
AUAU3.SA,PETZCOBASI  ON  ED  NM,2026-03-31,5187905000.0,1885068000.0,3302837000.0,129664000.0,199892000.0,186490000.0,1692092000.0,792868000.0,39398000.0,207446000.0,,,,,,,2.328360396479624,12.25973528626103,0.570742062051503,1.0,1,Atenção
AURE3.SA,AUREN       ON      NM,2025-03-31,52266696000.0,37687948000.0,13251517000.0,6131027000.0,23564273000.0,2438563000.0,2952303000.0,836269000.0,8496000.0,1389704000.0,,,,,,,0.2877753401327709,47.07186220384561,2.844047817317821,1.0,1,Atenção
AURE3.SA,AUREN       ON      NM,2025-06-30,49202800000.0,35139197000.0,12683764000.0,4907414000.0,22351556000.0,2162500000.0,2885529000.0,495437000.0,-615390000.0,448447000.0,-5.862042628445463,-4.284437774180871,-19.957716708799357,-2.261759717752543,-7343.290960451978,-67.73075417498978,-21.326765386866672,15.54124044499293,2.770407664475624,1.0,0,Risco
AURE3.SA,AUREN       ON      NM,2025-09-30,48833477000.0,35269194000.0,12275532000.0,4479368000.0,22593796000.0,2246050000.0,3537391000.0,336691000.0,-397034000.0,669589000.0,-0.7506137862072881,-3.218539859303593,-8.722435074766466,22.59072773137958,-35.48253952777913,49.31285079396228,-11.223921811301041,18.9288942047967,2.873129571899613,1.0,0,Risco
AURE3.SA,AUREN       ON      NM,2025-12-31,48727388000.0,34951925000.0,12508762000.0,3826127000.0,22582913000.0,1949605000.0,3801729000.0,482339000.0,339896000.0,1935530000.0,-0.21724645984146917,1.8999583887688187,-14.583329612570338,7.472682550501197,-185.60878917170822,189.0623949915545,8.94056362249913,50.91183511502266,2.79419538080587,1.0,1,Atenção
AURE3.SA,AUREN       ON      NM,2026-03-31,47381486000.0,34258293000.0,11909561000.0,2959416000.0,21574755000.0,2130102000.0,3074535000.0,487454000.0,-621338000.0,289394000.0,-2.762105779197521,-4.790250226201442,-22.652436785292284,-19.12798097918079,-282.8023866123756,-85.04833301472982,-20.209169841943577,9.412610362217375,2.8765370108940203,1.0,0,Risco
AXIA3.SA,AXIA ENERGIAON      N1,2025-03-31,282016140000.0,160438458000.0,121494065000.0,22663836000.0,62162567000.0,11140391000.0,10414179000.0,4826340000.0,-353039000.0,3124989000.0,,,,,,,-3.3899839824147446,30.007060566176175,1.3205456414681656,0.0,0,Risco
AXIA3.SA,AXIA ENERGIAON      N1,2025-06-30,274960124000.0,156205302000.0,118706917000.0,22529651000.0,59345657000.0,13728434000.0,10198954000.0,4883420000.0,-1324449000.0,893616000.0,-2.5019901343235174,-2.294061030882455,-0.5920665857271468,-2.066653549934183,275.15656910426327,-71.40418734273945,-12.986125832119647,8.761839694541225,1.315890480080449,0.0,0,Risco
AXIA3.SA,AXIA ENERGIAON      N1,2025-09-30,266502447000.0,157162045000.0,109289887000.0,18501361000.0,59625045000.0,13427571000.0,10002503000.0,4082137000.0,-5449628000.0,-1956622000.0,-3.075964935191844,-7.933008655258056,-17.879948517622402,-1.9261877247411796,311.4637860725479,-318.95556928255536,-54.48264299445849,-19.561323800652698,1.4380291654981765,0.0,0,Risco
AXIA3.SA,AXIA ENERGIAON      N1,2025-12-31,279685593000.0,161183936000.0,118430137000.0,16417860000.0,61091597000.0,15757060000.0,10665957000.0,22474063000.0,13685591000.0,1550857000.0,4.946726061393347,8.363308125663993,-11.261339098242551,6.632879790188517,-351.1289027434533,-179.26196270919985,128.31095231304607,14.54025175612465,1.361004386915469,1.0,1,Atenção
AXIA3.SA,AXIA ENERGIAON      N1,2026-03-31,279912545000.0,158716162000.0,121147598000.0,12535253000.0,62382521000.0,13294230000.0,12711586000.0,7578359000.0,2629666000.0,6425414000.0,0.08114540243766566,2.2945688224611294,-23.64867893866801,19.179047881029334,-80.78514840900915,314.3137632934565,20.687158943030397,50.54769719529884,1.310105727395437,2.0,2,Saudável
AXIA6.SA,AXIA ENERGIAPNB     N1,2025-03-31,282016140000.0,160438458000.0,121494065000.0,22663836000.0,62162567000.0,11140391000.0,10414179000.0,4826340000.0,-353039000.0,3124989000.0,,,,,,,-3.3899839824147446,30.007060566176175,1.3205456414681656,0.0,0,Risco
AXIA6.SA,AXIA ENERGIAPNB     N1,2025-06-30,274960124000.0,156205302000.0,118706917000.0,22529651000.0,59345657000.0,13728434000.0,10198954000.0,4883420000.0,-1324449000.0,893616000.0,-2.5019901343235174,-2.294061030882455,-0.5920665857271468,-2.066653549934183,275.15656910426327,-71.40418734273945,-12.986125832119647,8.761839694541225,1.315890480080449,0.0,0,Risco
AXIA6.SA,AXIA ENERGIAPNB     N1,2025-09-30,266502447000.0,157162045000.0,109289887000.0,18501361000.0,59625045000.0,13427571000.0,10002503000.0,4082137000.0,-5449628000.0,-1956622000.0,-3.075964935191844,-7.933008655258056,-17.879948517622402,-1.9261877247411796,311.4637860725479,-318.95556928255536,-54.48264299445849,-19.561323800652698,1.4380291654981765,0.0,0,Risco
AXIA6.SA,AXIA ENERGIAPNB     N1,2025-12-31,279685593000.0,161183936000.0,118430137000.0,16417860000.0,61091597000.0,15757060000.0,10665957000.0,22474063000.0,13685591000.0,1550857000.0,4.946726061393347,8.363308125663993,-11.261339098242551,6.632879790188517,-351.1289027434533,-179.26196270919985,128.31095231304607,14.54025175612465,1.361004386915469,1.0,1,Atenção
AXIA6.SA,AXIA ENERGIAPNB     N1,2026-03-31,279912545000.0,158716162000.0,121147598000.0,12535253000.0,62382521000.0,13294230000.0,12711586000.0,7578359000.0,2629666000.0,6425414000.0,0.08114540243766566,2.2945688224611294,-23.64867893866801,19.179047881029334,-80.78514840900915,314.3137632934565,20.687158943030397,50.54769719529884,1.310105727395437,2.0,2,Saudável
AXIA7.SA,AXIA ENERGIAPNC     N1,2025-03-31,282016140000.0,160438458000.0,121494065000.0,22663836000.0,62162567000.0,11140391000.0,10414179000.0,4826340000.0,-353039000.0,3124989000.0,,,,,,,-3.3899839824147446,30.007060566176175,1.3205456414681656,0.0,0,Risco
AXIA7.SA,AXIA ENERGIAPNC     N1,2025-06-30,274960124000.0,156205302000.0,118706917000.0,22529651000.0,59345657000.0,13728434000.0,10198954000.0,4883420000.0,-1324449000.0,893616000.0,-2.5019901343235174,-2.294061030882455,-0.5920665857271468,-2.066653549934183,275.15656910426327,-71.40418734273945,-12.986125832119647,8.761839694541225,1.315890480080449,0.0,0,Risco
AXIA7.SA,AXIA ENERGIAPNC     N1,2025-09-30,266502447000.0,157162045000.0,109289887000.0,18501361000.0,59625045000.0,13427571000.0,10002503000.0,4082137000.0,-5449628000.0,-1956622000.0,-3.075964935191844,-7.933008655258056,-17.879948517622402,-1.9261877247411796,311.4637860725479,-318.95556928255536,-54.48264299445849,-19.561323800652698,1.4380291654981765,0.0,0,Risco
AXIA7.SA,AXIA ENERGIAPNC     N1,2025-12-31,279685593000.0,161183936000.0,118430137000.0,16417860000.0,61091597000.0,15757060000.0,10665957000.0,22474063000.0,13685591000.0,1550857000.0,4.946726061393347,8.363308125663993,-11.261339098242551,6.632879790188517,-351.1289027434533,-179.26196270919985,128.31095231304607,14.54025175612465,1.361004386915469,1.0,1,Atenção
AXIA7.SA,AXIA ENERGIAPNC     N1,2026-03-31,279912545000.0,158716162000.0,121147598000.0,12535253000.0,62382521000.0,13294230000.0,12711586000.0,7578359000.0,2629666000.0,6425414000.0,0.08114540243766566,2.2945688224611294,-23.64867893866801,19.179047881029334,-80.78514840900915,314.3137632934565,20.687158943030397,50.54769719529884,1.310105727395437,2.0,2,Saudável
AZEV3.SA,AZEVEDO     ON,2025-03-31,1312938000.0,594463000.0,718475000.0,10932000.0,4629000.0,109991000.0,52217000.0,15649000.0,-13532000.0,6927000.0,,,,,,,-25.914931918723788,13.26579466457284,0.8273955252444414,0.0,0,Risco
AZEV3.SA,AZEVEDO     ON,2025-06-30,2193027000.0,1413286000.0,779741000.0,14947000.0,495265000.0,261830000.0,78940000.0,-7761000.0,61267000.0,109281000.0,67.03203045383712,8.527227808900806,36.72703988291255,51.17681980964053,-552.7564292048478,1477.609354699004,77.61211046364326,138.43552064859387,1.8125069734693957,1.0,1,Atenção
AZEV3.SA,AZEVEDO     ON,2025-09-30,1046494000.0,887144000.0,159350000.0,1780000.0,3943000.0,34187000.0,116103000.0,23650000.0,-620391000.0,-255877000.0,-52.280842871519596,-79.56372692983953,-88.09125577038871,47.07752723587535,-1112.6022165276577,-334.1459174055874,-534.345365752823,-220.38793140573455,5.5672670222780045,1.0,0,Risco
AZEV3.SA,AZEVEDO     ON,2025-12-31,1174330000.0,1062626000.0,111704000.0,30070000.0,11312000.0,203124000.0,102167000.0,23679000.0,-47652000.0,-38039000.0,12.215645765766459,-29.900219642296832,1589.325842696629,-12.003135147239952,-92.31903751021532,-85.13387291550238,-46.64128338896121,-37.23217868783462,9.512873308028361,1.0,0,Risco
AZEV3.SA,AZEVEDO     ON,2026-03-31,1330929000.0,1218271000.0,112658000.0,39504000.0,2516000.0,215790000.0,148750000.0,27146000.0,954000.0,18365000.0,13.335178357020606,0.854042827472612,31.373461922181576,45.59495727583271,-102.00201460589273,-148.27939746050106,0.641344537815126,12.346218487394959,10.813888050560102,1.0,1,Atenção
AZEV4.SA,AZEVEDO     PN,2025-03-31,1312938000.0,594463000.0,718475000.0,10932000.0,4629000.0,109991000.0,52217000.0,15649000.0,-13532000.0,6927000.0,,,,,,,-25.914931918723788,13.26579466457284,0.8273955252444414,0.0,0,Risco
AZEV4.SA,AZEVEDO     PN,2025-06-30,2193027000.0,1413286000.0,779741000.0,14947000.0,495265000.0,261830000.0,78940000.0,-7761000.0,61267000.0,109281000.0,67.03203045383712,8.527227808900806,36.72703988291255,51.17681980964053,-552.7564292048478,1477.609354699004,77.61211046364326,138.43552064859387,1.8125069734693957,1.0,1,Atenção
AZEV4.SA,AZEVEDO     PN,2025-09-30,1046494000.0,887144000.0,159350000.0,1780000.0,3943000.0,34187000.0,116103000.0,23650000.0,-620391000.0,-255877000.0,-52.280842871519596,-79.56372692983953,-88.09125577038871,47.07752723587535,-1112.6022165276577,-334.1459174055874,-534.345365752823,-220.38793140573455,5.5672670222780045,1.0,0,Risco
AZEV4.SA,AZEVEDO     PN,2025-12-31,1174330000.0,1062626000.0,111704000.0,30070000.0,11312000.0,203124000.0,102167000.0,23679000.0,-47652000.0,-38039000.0,12.215645765766459,-29.900219642296832,1589.325842696629,-12.003135147239952,-92.31903751021532,-85.13387291550238,-46.64128338896121,-37.23217868783462,9.512873308028361,1.0,0,Risco
AZEV4.SA,AZEVEDO     PN,2026-03-31,1330929000.0,1218271000.0,112658000.0,39504000.0,2516000.0,215790000.0,148750000.0,27146000.0,954000.0,18365000.0,13.335178357020606,0.854042827472612,31.373461922181576,45.59495727583271,-102.00201460589273,-148.27939746050106,0.641344537815126,12.346218487394959,10.813888050560102,1.0,1,Atenção
AZTE3.SA,AZT ENERGIA ON,2025-03-31,201950000.0,51844000.0,150106000.0,16000.0,263000.0,7051000.0,447000.0,-63000.0,-4532000.0,-2568000.0,,,,,,,-1013.8702460850112,-574.496644295302,0.3453825962986156,0.0,0,Risco
AZTE3.SA,AZT ENERGIA ON,2025-06-30,211356000.0,60675000.0,150681000.0,107000.0,232000.0,7241000.0,770000.0,482000.0,575000.0,2848000.0,4.657588512007926,0.38306263573741894,568.75,72.25950782997764,-112.68755516328332,-210.90342679127724,74.67532467532467,369.87012987012986,0.40267186971150976,1.0,2,Saudável
AZTE3.SA,AZT ENERGIA ON,2025-09-30,263499000.0,10946000.0,252553000.0,49000.0,175000.0,1655000.0,896000.0,761000.0,-1360000.0,-1499000.0,24.670697780048823,67.60772758343785,-54.20560747663552,16.36363636363636,-336.5217391304348,-152.63342696629212,-151.78571428571428,-167.29910714285714,0.043341397647226526,1.0,0,Risco
AZTE3.SA,AZT ENERGIA ON,2025-12-31,268373000.0,20357000.0,248016000.0,12000.0,131000.0,2051000.0,760000.0,519000.0,-4537000.0,826000.0,1.849722389838293,-1.7964546055679431,-75.51020408163265,-15.17857142857143,233.60294117647058,-155.10340226817877,-596.9736842105262,108.68421052631578,0.08207938197535643,1.0,0,Risco
AZTE3.SA,AZT ENERGIA ON,2026-03-31,270077000.0,24533000.0,245544000.0,434000.0,88000.0,2064000.0,1112000.0,673000.0,-2472000.0,-1502000.0,0.6349371956195338,-0.9967098896845328,3516.6666666666665,46.31578947368422,-45.514657262508265,-281.8401937046005,-222.30215827338128,-135.07194244604318,0.09991284657739549,0.0,0,Risco
AZZA3.SA,AZZAS 2154  ON      NM,2025-03-31,15343081000.0,7538724000.0,7804357000.0,135961000.0,1335830000.0,2114175000.0,2696538000.0,1476801000.0,117826000.0,379086000.0,,,,,,,4.369528632639332,14.058248020239283,0.9659634996195074,1.0,1,Atenção
AZZA3.SA,AZZAS 2154  ON      NM,2025-06-30,15516832000.0,7177284000.0,8339548000.0,177365000.0,1292011000.0,1950037000.0,2901385000.0,1620467000.0,537654000.0,537474000.0,1.1324387846221917,6.857592496089038,30.452850449761335,7.596666540579067,356.3118496766418,41.78154825026512,18.530942980679914,18.52473904704133,0.8606322548895935,2.0,2,Saudável
AZZA3.SA,AZZAS 2154  ON      NM,2025-09-30,15516275000.0,7168563000.0,8347712000.0,174943000.0,2051914000.0,1236881000.0,2958190000.0,1601467000.0,164952000.0,511026000.0,-0.0035896502585064383,0.09789499382939493,-1.3655456262509524,1.9578580574449722,-69.32004597752459,-4.920796168744912,5.57611242009472,17.274955293608592,0.8587458455682228,3.0,2,Saudável
AZZA3.SA,AZZAS 2154  ON      NM,2025-12-31,15448601000.0,7471297000.0,7977304000.0,320633000.0,2195487000.0,1244313000.0,3263379000.0,1796685000.0,90817000.0,316192000.0,-0.4361484956924233,-4.43723980894406,83.27855358602517,10.316747741017318,-44.94337746738445,-38.12604446740478,2.7829130481013697,9.689098324160327,0.936569171740227,3.0,2,Saudável
AZZA3.SA,AZZAS 2154  ON      NM,2026-03-31,15193878000.0,7188335000.0,8005543000.0,129677000.0,2682945000.0,764335000.0,2479523000.0,1350321000.0,38596000.0,246840000.0,-1.6488418595314913,0.3539917746647303,-59.55594090439848,-24.01976601553175,-57.501348866401656,-21.93350875417468,1.5565897150379326,9.955140565342608,0.8979197288678606,3.0,1,Atenção
BEEF3.SA,MINERVA     ON      NM,2024-12-31,42141896000.0,42054679000.0,-478639000.0,14460929000.0,24972689000.0,5121234000.0,10714218000.0,2134006000.0,-1532272000.0,-521673000.0,,,,,,,-14.301295717522269,-4.868978771945839,,0.0,0,Risco
BEEF3.SA,MINERVA     ON      NM,2025-03-31,40181432000.0,40245211000.0,-650682000.0,11874053000.0,24320070000.0,3149163000.0,11196151000.0,2075430000.0,156368000.0,1258008000.0,-4.6520545729598854,35.94420847444526,-17.88872623605302,4.498069761134227,-110.20497666210699,-341.14876560604057,1.396622821539295,11.236075683509448,,1.0,1,Atenção
BEEF3.SA,MINERVA     ON      NM,2025-06-30,44477422000.0,42446385000.0,1427622000.0,7689833000.0,21526720000.0,5199466000.0,13917915000.0,2445133000.0,442741000.0,1486540000.0,10.691480582374457,-319.4039484725257,-35.23834700754662,24.30981861534378,183.14041236058526,18.166180183273873,3.18108710967124,10.680766479749302,29.73222953975212,2.0,1,Atenção
BEEF3.SA,MINERVA     ON      NM,2025-12-31,45876559000.0,43983339000.0,1310215000.0,15031399000.0,22480845000.0,5318654000.0,14203765000.0,2435923000.0,93265000.0,1025627000.0,3.1457241384179158,-8.223955640918955,95.47107199857265,2.0538277464692056,-78.93463672892278,-31.005758338154376,0.6566216774214442,7.2208108202297066,33.56955843124983,3.0,1,Atenção
BEEF3.SA,MINERVA     ON      NM,2026-03-31,41644310000.0,39788288000.0,1260431000.0,10882146000.0,21064469000.0,3525162000.0,13409377000.0,2295486000.0,57658000.0,1135050000.0,-9.225297389893605,-3.7996817316241938,-27.603904333854757,-5.592798810737854,-38.17830911917653,10.668888397048825,0.429982690471004,8.464599063774552,31.56720835968014,3.0,1,Atenção
BHIA3.SA,CASAS BAHIA ON      NM,2025-03-31,32816000000.0,30727000000.0,2089000000.0,935000000.0,4400000000.0,5929000000.0,6991000000.0,2109000000.0,-408000000.0,190000000.0,,,,,,,-5.836074953511658,2.717780002860821,14.708951651507899,0.0,0,Risco
BHIA3.SA,CASAS BAHIA ON      NM,2025-06-30,33525000000.0,31986000000.0,1539000000.0,1608000000.0,4587000000.0,6528000000.0,6867000000.0,2067000000.0,-555000000.0,505000000.0,2.16053144807411,-26.328386787936807,71.97860962566844,-1.77370905449864,36.029411764705884,165.78947368421052,-8.082131935342945,7.354011941167904,20.783625730994153,0.0,0,Risco
BHIA3.SA,CASAS BAHIA ON      NM,2025-09-30,34332000000.0,31698000000.0,2634000000.0,1970000000.0,3106000000.0,6950000000.0,6868000000.0,2062000000.0,-496000000.0,519000000.0,2.4071588366890273,71.15009746588694,22.512437810945272,0.014562399883510935,-10.630630630630634,2.7722772277227747,-7.22189866045428,7.556785090273734,12.034168564920273,0.0,0,Risco
BHIA3.SA,CASAS BAHIA ON      NM,2025-12-31,33638000000.0,30864000000.0,2774000000.0,1225000000.0,685000000.0,6396000000.0,8471000000.0,2671000000.0,-1529000000.0,1102000000.0,-2.0214377257369187,5.315110098709197,-37.817258883248726,23.340128130460116,208.26612903225805,112.33140655105971,-18.049817022783614,13.009089835910753,11.12617159336698,0.0,0,Risco
BHIA3.SA,CASAS BAHIA ON      NM,2026-03-31,33330000000.0,31552000000.0,1778000000.0,1206000000.0,1967000000.0,6206000000.0,7416000000.0,2247000000.0,-1064000000.0,-96000000.0,-0.915631131458472,-35.90483056957462,-1.5510204081632617,-12.45425569590367,-30.412034009156308,-108.7114337568058,-14.347357065803667,-1.2944983818770228,17.74578177727784,0.0,0,Risco
BLAU3.SA,BLAU        ON      NM,2025-03-31,3431925000.0,1243945000.0,2201563000.0,46501000.0,450000000.0,66444000.0,372997000.0,149490000.0,90934000.0,143793000.0,,,,,,,24.379284551886478,38.550712204119606,0.5650281186593343,1.0,1,Atenção
BLAU3.SA,BLAU        ON      NM,2025-06-30,3470558000.0,1218274000.0,2266033000.0,58797000.0,400000000.0,72838000.0,464826000.0,187144000.0,63350000.0,127060000.0,1.1256947631431258,2.928374068786588,26.442442098019402,24.619232862462702,-30.33408845976202,-11.636866885036124,13.628755706436388,27.334959748378964,0.5376241210962065,2.0,2,Saudável
BLAU3.SA,BLAU        ON      NM,2025-09-30,3621064000.0,1286281000.0,2350165000.0,43203000.0,283333000.0,230918000.0,475196000.0,192734000.0,104421000.0,214294000.0,4.336651339640474,3.7127438126452805,-26.521761314352776,2.230942331108854,64.83188634569849,68.65575318747048,21.974301130480896,45.09591831581074,0.547315188508041,3.0,2,Saudável
BLAU3.SA,BLAU        ON      NM,2025-12-31,3635027000.0,1379285000.0,2271764000.0,45601000.0,283333000.0,285593000.0,389363000.0,153371000.0,36250000.0,87373000.0,0.38560489403114406,-3.3359785376771423,5.550540471726495,-18.062652042525606,-65.28476072820601,-59.22750986961838,9.3100782560233,22.439985309338585,0.6071427313752661,3.0,2,Saudável
BLAU3.SA,BLAU        ON      NM,2026-03-31,3573705000.0,1298628000.0,2293684000.0,56287000.0,283333000.0,249927000.0,434970000.0,180253000.0,39768000.0,92179000.0,-1.6869750898686586,0.9648889585361919,23.433696629459888,11.713234179929778,9.7048275862069,5.5005550913897805,9.142699496517,21.192036232383842,0.5661756370973509,3.0,2,Saudável
BMOB3.SA,BEMOBI TECH ON  EJ  NM,2025-03-31,1627717000.0,460853000.0,1163229000.0,338700000.0,,2921000.0,387575000.0,95888000.0,31172000.0,62495000.0,,,,,,,8.042830419918726,16.124621041088822,0.396184242311703,1.0,1,Atenção
BMOB3.SA,BEMOBI TECH ON  EJ  NM,2025-06-30,1620653000.0,488409000.0,1127179000.0,302792000.0,19002000.0,2813000.0,408524000.0,103688000.0,33233000.0,69797000.0,-0.4339820742794931,-3.0991318132543078,-10.601712429878951,5.4051473908275804,6.611702810214304,11.684134730778473,8.13489537946363,17.085165131057174,0.43330207535803983,2.0,1,Atenção
BMOB3.SA,BEMOBI TECH ON  EJ  NM,2025-09-30,1728851000.0,586247000.0,1135953000.0,300522000.0,18728000.0,2797000.0,438405000.0,114646000.0,41019000.0,73437000.0,6.67619780421842,0.7784034301561604,-0.7496895558667283,7.31438055046949,23.42851984473264,5.2151238591916504,9.356417011667293,16.750949464536216,0.5160838520607807,3.0,2,Saudável
BMOB3.SA,BEMOBI TECH ON  EJ  NM,2025-12-31,1865280000.0,891923000.0,954572000.0,241156000.0,18857000.0,3729000.0,461903000.0,122563000.0,51236000.0,63396000.0,7.891310471521251,-15.967297942784608,-19.754294194767773,5.359884125409153,24.907969477559178,-13.672944156215527,11.0923722080177,13.724959569433409,0.93436953943757,3.0,2,Saudável
BMOB3.SA,BEMOBI TECH ON  EJ  NM,2026-03-31,2026429000.0,1029447000.0,974187000.0,229828000.0,39966000.0,3796000.0,482959000.0,130094000.0,34212000.0,78829000.0,8.639399982844399,2.0548476175710206,-4.697374313722236,4.5585328521356105,-33.226637520493405,24.343807180263745,7.083831132663435,16.322089452727873,1.056724222351561,3.0,2,Saudável
BRAV3.SA,BRAVA       ON      NM,2024-12-31,44463747000.0,33940076000.0,10523671000.0,3171958000.0,18002620000.0,1328530000.0,1949757000.0,435725000.0,-1028148000.0,-82601000.0,,,,,,,-52.732109693669514,-4.236476648115637,3.2251175469092486,0.0,0,Risco
BRAV3.SA,BRAVA       ON      NM,2025-03-31,43181058000.0,32029892000.0,11151166000.0,2694545000.0,17109521000.0,851233000.0,2874319000.0,930459000.0,829174000.0,2107299000.0,-2.884797360870195,5.962700658353914,-15.051050486797113,47.419345077360916,-180.64733870999117,-2651.178557160325,28.84766791716577,73.31472254819316,2.8723356822057893,1.0,1,Atenção
BRAV3.SA,BRAVA       ON      NM,2025-06-30,43454299000.0,31203780000.0,12250519000.0,1307079000.0,15940131000.0,1167613000.0,3142371000.0,1066338000.0,1049055000.0,2705777000.0,0.6327797711672467,9.858637204396391,-51.49166185756779,9.325756814048813,26.518077026052424,28.400241256698735,33.384186653962885,86.10622361267973,2.547139431398784,2.0,1,Atenção
BRAV3.SA,BRAVA       ON      NM,2025-12-31,42708275000.0,30934087000.0,11774188000.0,889391000.0,15408422000.0,1217722000.0,2547662000.0,208922000.0,-587702000.0,412732000.0,-1.7168013687207329,-3.888251591626446,-31.955834345131397,-18.92548651957391,-156.0220388826134,-84.74626696878568,-23.068287708495085,16.200422191012777,2.6272798599784544,2.0,0,Risco
BRAV3.SA,BRAVA       ON      NM,2026-03-31,42610142000.0,31200098000.0,11410044000.0,1148046000.0,14759607000.0,1260189000.0,3135056000.0,1132883000.0,-349686000.0,724774000.0,-0.22977514310751346,-3.09273132041038,29.08225965857536,23.056198192695888,-40.499436789393265,75.60402391866879,-11.15405913004425,23.118374918980713,2.7344415148618184,1.0,0,Risco
BRKM5.SA,BRASKEM     PNA     N1,2025-03-31,95422000000.0,99217000000.0,-4236000000.0,11317000000.0,62148000000.0,3478000000.0,19460000000.0,1310000000.0,698000000.0,3302000000.0,,,,,,,3.5868448098663928,16.968139773895167,,1.0,1,Atenção
BRKM5.SA,BRASKEM     PNA     N1,2025-06-30,91303000000.0,94561000000.0,-3805000000.0,9183000000.0,58649000000.0,3732000000.0,17857000000.0,362000000.0,-267000000.0,2361000000.0,-4.316614617174242,-10.174693106704435,-18.85658743483255,-8.237410071942442,-138.25214899713467,-28.497880072683223,-1.4952119616956936,13.221705773646189,,1.0,0,Risco
BRKM5.SA,BRASKEM     PNA     N1,2025-09-30,87383000000.0,90556000000.0,-3533000000.0,6663000000.0,57149000000.0,2938000000.0,17299000000.0,436000000.0,-26000000.0,93000000.0,-4.293396712046704,-7.148488830486199,-27.44201241424371,-3.1248249985999843,-90.2621722846442,-96.06099110546378,-0.1502977050696572,0.5376033296722353,,1.0,0,Risco
BRKM5.SA,BRASKEM     PNA     N1,2025-12-31,81879000000.0,98381000000.0,-16147000000.0,10501000000.0,46393000000.0,21674000000.0,16101000000.0,-552000000.0,-10285000000.0,2125000000.0,-6.2987079866793305,357.0336824228701,57.60168092450848,-6.925255795132667,39457.69230769231,2184.94623655914,-63.87801999875784,13.197938016272282,,0.0,0,Risco
BRKM5.SA,BRASKEM     PNA     N1,2026-03-31,75870000000.0,92103000000.0,-15736000000.0,4678000000.0,44123000000.0,20630000000.0,15488000000.0,1100000000.0,1446000000.0,3461000000.0,-7.338878100611879,-2.545364463987121,-55.451861727454535,-3.8072169430470204,-114.05930967428293,62.87058823529412,9.336260330578511,22.3463326446281,,1.0,0,Risco
CAML3.SA,CAMIL       ON      NM,2024-11-30,11894521000.0,8341249000.0,3553012000.0,1831080000.0,4100269000.0,1878654000.0,3104615000.0,534235000.0,44339000.0,214035000.0,,,,,,,1.4281642007140982,6.89409153792016,2.347655735471763,1.0,1,Atenção
CAML3.SA,CAMIL       ON      NM,2025-02-28,11106595000.0,7649005000.0,3457322000.0,2530204000.0,3127027000.0,2159664000.0,2997148000.0,531479000.0,-24629000.0,198829000.0,-6.6242768414129465,-2.6932079036040446,38.18096423968369,-3.461524214757705,-155.54703534134734,-7.1044455346088276,-0.8217478749798143,6.6339399989590095,2.2124074645057648,1.0,0,Risco
CAML3.SA,CAMIL       ON      NM,2025-05-31,12142367000.0,8653213000.0,3488881000.0,1624333000.0,2847092000.0,2448285000.0,2687327000.0,606084000.0,66002000.0,276361000.0,9.32573844639153,0.9128163358807839,-35.80229104056431,-10.337193892326969,-367.9848958544805,38.99431169497407,2.456046472945049,10.283861993720897,2.480225894778297,2.0,1,Atenção
CAML3.SA,CAMIL       ON      NM,2025-11-30,12320156000.0,8871682000.0,3448185000.0,2531821000.0,4070777000.0,2367364000.0,2945251000.0,669150000.0,44058000.0,260441000.0,1.4642038080384223,-1.1664484973835432,55.86834719235527,9.597789922848987,-33.24747734917124,-5.760581268702891,1.4958996703506764,8.842743793313371,2.5728555747443944,2.0,1,Atenção
CAML3.SA,CAMIL       ON      NM,2026-02-28,10774545000.0,7758855000.0,3015317000.0,1997608000.0,3913747000.0,1141630000.0,2502756000.0,543270000.0,-40394000.0,188652000.0,-12.545384977268148,-12.553502784798376,-21.099951378869196,-15.02401662880345,-191.6836896817831,-27.564400382428268,-1.6139807476238195,7.537770361952983,2.5731473672585667,2.0,0,Risco
CASH3.SA,MELIUZ      ON      NM,2025-03-31,486791000.0,128386000.0,352593000.0,70022000.0,,165000.0,100399000.0,,10327000.0,17767000.0,,,,,,,10.28595902349625,17.696391398320703,0.3641195372568372,1.0,1,Atenção
CASH3.SA,MELIUZ      ON      NM,2025-06-30,655324000.0,119584000.0,528901000.0,71469000.0,,141000.0,97820000.0,,7368000.0,10486000.0,34.62122348194605,50.00326155085324,2.066493387792412,-2.5687506847677732,-28.653045414931732,-40.980469409579555,7.532202003680228,10.71968922510734,0.2260990242030172,2.0,1,Atenção
CASH3.SA,MELIUZ      ON      NM,2025-09-30,667687000.0,117412000.0,544430000.0,67301000.0,,96000.0,123656000.0,,15351000.0,26505000.0,1.8865477229584204,2.936088228231748,-5.831899145083885,26.411776732774484,108.34690553745929,152.76559221819568,12.414278320502039,21.43446334993854,0.2156604154804107,3.0,2,Saudável
CASH3.SA,MELIUZ      ON      NM,2025-12-31,633890000.0,115795000.0,511484000.0,72857000.0,,,138329000.0,,-33667000.0,34556000.0,-5.061802910645252,-6.051466671564754,8.255449398968807,11.865983049750927,-319.3147026252361,30.375400867760803,-24.33835276767706,24.981023501941024,0.2263902683172885,2.0,0,Risco
CASH3.SA,MELIUZ      ON      NM,2026-03-31,550042000.0,91933000.0,451778000.0,64323000.0,,,118246000.0,,-59939000.0,-46239000.0,-13.227531590654529,-11.673092413447927,-11.71335630069863,-14.518286114986733,78.03487094187187,-233.80888991781455,-50.69008676826277,-39.10407117365492,0.20349153787922386,1.0,0,Risco
CBAV3.SA,CBA         ON      NM,2025-03-31,13359765000.0,8851688000.0,4280661000.0,653158000.0,3766504000.0,136715000.0,2337831000.0,426052000.0,304983000.0,766725000.0,,,,,,,13.045553763295977,32.796425404573725,2.0678320474337957,1.0,1,Atenção
CBAV3.SA,CBA         ON      NM,2025-06-30,13339421000.0,8758952000.0,4361183000.0,580316000.0,3646427000.0,138541000.0,2004973000.0,18471000.0,-94322000.0,216249000.0,-0.15227812764671,1.8810646299718625,-11.152278621711742,-14.23789829119385,-130.9269696999505,-71.79575467084027,-4.704402503175853,10.785631527207599,2.0083890082117626,1.0,0,Risco
CBAV3.SA,CBA         ON      NM,2025-09-30,13876752000.0,9147692000.0,4521799000.0,1100123000.0,4068176000.0,157947000.0,2251954000.0,198509000.0,103557000.0,570316000.0,4.028143350449764,3.6828539412356642,89.57309465877212,12.318420248053208,-209.790928945527,163.73116176259774,4.598539757028785,25.325384088662556,2.023020483661481,2.0,1,Atenção
CBAV3.SA,CBA         ON      NM,2025-12-31,13966017000.0,9451509000.0,4291888000.0,1268235000.0,4139337000.0,186633000.0,2194039000.0,98582000.0,-193178000.0,70391000.0,0.6432701254587503,-5.084502871534092,15.281200374867176,-2.5717665636154186,-286.5426769798275,-87.65754423863261,-8.804674848532775,3.20828390014945,2.2021797866113935,1.0,0,Risco
CBAV3.SA,CBA         ON      NM,2026-03-31,14112156000.0,9248605000.0,4630132000.0,1425628000.0,4233543000.0,178891000.0,2307587000.0,415711000.0,306437000.0,764957000.0,1.0463899621488304,7.8810071465052145,12.410397126715477,5.175295425468729,-258.6293470270942,986.7255757128042,13.279542656463223,33.149649395667424,1.9974819292408943,2.0,2,Saudável
CEAB3.SA,CEA MODAS   ON      NM,2024-12-31,10053899000.0,6745411000.0,3308484000.0,1403225000.0,1041472000.0,809275000.0,2552112000.0,1401894000.0,254946000.0,606295000.0,,,,,,,9.989608606518836,23.75659845649407,2.03882231257579,1.0,1,Atenção
CEAB3.SA,CEA MODAS   ON      NM,2025-03-31,9280801000.0,6018249000.0,3262550000.0,1192899000.0,858562000.0,944637000.0,1612082000.0,871998000.0,4074000.0,287317000.0,-7.689534179724699,-1.3883700208312977,-14.988758039516114,-36.83341483445868,-98.40201454425643,-52.611022686975815,0.25271667322133734,17.822728620504417,1.8446457525555164,2.0,1,Atenção
CEAB3.SA,CEA MODAS   ON      NM,2025-06-30,8869904000.0,5414214000.0,3455688000.0,832715000.0,843176000.0,789013000.0,2058463000.0,1166877000.0,200313000.0,620644000.0,-4.427387248148085,5.9198479716785934,-30.194006366004167,27.6897204980888,4816.863033873343,116.01367131078217,9.731192642277271,30.150845558069296,1.566754290317876,3.0,1,Atenção
CEAB3.SA,CEA MODAS   ON      NM,2025-12-31,9318633000.0,5611577000.0,3707054000.0,774521000.0,820676000.0,512539000.0,2471552000.0,1387651000.0,313232000.0,633352000.0,5.059006275603428,7.273978437868234,-6.988465441357484,20.06783702208881,56.37127894844569,2.047550608722548,12.673494225490703,25.625679734838673,1.513756476166789,3.0,2,Saudável
CEAB3.SA,CEA MODAS   ON      NM,2026-03-31,8629790000.0,4926957000.0,3702833000.0,445144000.0,821453000.0,487093000.0,1619562000.0,901193000.0,1664000.0,261408000.0,-7.392103541367067,-0.11386400090206417,-42.526542211250565,-34.471862214511376,-99.46876436634827,-58.726269120489086,0.10274382826961857,16.140660252586812,1.3305911986848988,3.0,1,Atenção
CMIG4.SA,CEMIG       PN      N1,2024-09-30,63007000000.0,34943000000.0,28059000000.0,3661000000.0,9339000000.0,4870000000.0,10055194000.0,1564680000.0,3280197000.0,,,,,,,,32.62191659355354,,1.2453401760575928,1.0,1,Atenção
CMIG4.SA,CEMIG       PN      N1,2024-12-31,59727000000.0,32345000000.0,27377000000.0,1898000000.0,9403000000.0,2956000000.0,9396879000.0,-1341548000.0,996422000.0,1127990000.0,-5.205770787372832,-2.430592679710608,-48.15624146408085,-6.547014408672769,-69.62310495375735,,10.603754714730284,12.003879160304182,1.1814661942506484,2.0,1,Atenção
CMIG4.SA,CEMIG       PN      N1,2025-03-31,63902000000.0,35981000000.0,27915000000.0,3244000000.0,12607000000.0,2716000000.0,9705774000.0,1702209000.0,1038740000.0,1837766000.0,6.990138463341533,1.9651532308141872,70.91675447839832,3.2872084444207417,4.246995750796345,62.923962091862506,10.702289173434288,18.93477016876758,1.2889485939459073,3.0,2,Saudável
CMIG4.SA,CEMIG       PN      N1,2025-09-30,64750000000.0,36016000000.0,28728000000.0,1452000000.0,12429000000.0,3070000000.0,10527685000.0,1508569000.0,796742000.0,2379529000.0,1.3270320177772188,2.912412681354115,-55.240443896424175,8.468268476063834,-23.297263992914495,29.479433181373473,7.568064583999236,22.60258546869516,1.2536897800055695,3.0,1,Atenção
CMIG4.SA,CEMIG       PN      N1,2025-12-31,67028000000.0,38447000000.0,28576000000.0,1902000000.0,16414000000.0,3141000000.0,11592789000.0,1737632000.0,1874377000.0,2655993000.0,3.5181467181467196,-0.5291005291005346,30.99173553719008,10.11717200885094,135.25520180936869,11.61843373205369,16.168473350114454,22.91073356031926,1.345429731243001,3.0,2,Saudável
CMIN3.SA,CSNMINERACAOON      N2,2024-12-31,36390919000.0,26121805000.0,10269114000.0,15185928000.0,8788702000.0,1352275000.0,4829664000.0,2704433000.0,2016032000.0,3106101000.0,,,,,,,41.74269680043995,64.31298326343199,2.543725291198442,1.0,1,Atenção
CMIN3.SA,CSNMINERACAOON      N2,2025-03-31,35321018000.0,25086102000.0,10233774000.0,14281539000.0,8734886000.0,1108467000.0,3911382000.0,1673681000.0,-357260000.0,612997000.0,-2.940021932394732,-0.3441387445888733,-5.955441116275539,-19.01337235882248,-117.7209488738274,-80.26474348387255,-9.133856013040916,15.672133276678165,2.4513050610654488,1.0,0,Risco
CMIN3.SA,CSNMINERACAOON      N2,2025-06-30,35991112000.0,26752779000.0,9237283000.0,14354813000.0,7688668000.0,1595895000.0,4038202000.0,1660327000.0,115858000.0,764985000.0,1.8971537003831473,-9.73727776282728,0.513067954371027,3.2423322498288387,-132.42960309018642,24.794248585229628,2.8690491461298864,18.94370316294232,2.896174015671058,2.0,1,Atenção
CMIN3.SA,CSNMINERACAOON      N2,2025-12-31,33553574000.0,26872766000.0,6680126000.0,8871892000.0,7535494000.0,1667769000.0,4929464000.0,2339947000.0,1194583000.0,2027588000.0,-6.772610971286463,-27.682999427429046,-38.195697847126254,22.070763176284892,931.0751091853821,165.04938005320366,24.23352721512927,41.13201759866793,4.022793282641675,2.0,1,Atenção
CMIN3.SA,CSNMINERACAOON      N2,2026-03-31,34188480000.0,27107735000.0,7080304000.0,8842373000.0,7605580000.0,1566651000.0,3704133000.0,1669249000.0,222368000.0,942026000.0,1.8922157144869223,5.990575626866912,-0.33272497005147894,-24.85728671514793,-81.38530349084158,-53.53957510105602,6.00324016443254,25.431754205370055,3.82861173757511,3.0,1,Atenção
COGN3.SA,COGNA ON    ON      NM,2025-03-31,24203940000.0,10610421000.0,12444512000.0,14901000.0,2838433000.0,1383847000.0,1627628000.0,1184298000.0,95109000.0,570326000.0,,,,,,,5.843411393758279,35.0403163376398,0.8526184875710675,1.0,1,Atenção
COGN3.SA,COGNA ON    ON      NM,2025-06-30,23649420000.0,9947738000.0,12565444000.0,61534000.0,2837378000.0,909815000.0,1664600000.0,1141065000.0,118799000.0,562089000.0,-2.2910319559542813,0.9717697246786283,312.95215086235817,2.2715264175843686,24.908263150700783,-1.4442617029558513,7.136789619127719,33.76721134206416,0.7916742138200608,2.0,2,Saudável
COGN3.SA,COGNA ON    ON      NM,2025-09-30,23822533000.0,9936734000.0,12762531000.0,20121000.0,3376494000.0,467475000.0,1523369000.0,1047699000.0,191605000.0,460339000.0,0.7319968100697682,1.568484169759543,-67.30100432281341,-8.484380631983656,61.2850276517479,-18.102115501281823,12.577714263582887,30.21848284952628,0.7785864731689975,3.0,2,Saudável
COGN3.SA,COGNA ON    ON      NM,2025-12-31,24122987000.0,10668237000.0,13453669000.0,78452000.0,3477274000.0,594505000.0,2201066000.0,1453982000.0,220006000.0,799190000.0,1.261217688312155,5.415367845139807,289.9010983549525,44.48672645957743,14.822682080321492,73.60901422647224,9.995429487348403,36.3092247120259,0.7929611617470298,3.0,2,Saudável
COGN3.SA,COGNA ON    ON      NM,2026-03-31,24296921000.0,10694843000.0,13601227000.0,6646000.0,3476026000.0,664465000.0,2146128000.0,1399759000.0,141447000.0,667102000.0,0.7210301112378747,1.0967863116001952,-91.52857798399022,-2.4959724060977684,-35.70766251829496,-16.527734331010148,6.590799803180425,31.08398007947336,0.7863145729425735,3.0,1,Atenção
CPFE3.SA,CPFL ENERGIAON      NM,2025-03-31,78709730000.0,55339858000.0,22249250000.0,1932805000.0,26032284000.0,4832902000.0,10654825000.0,3914486000.0,1551319000.0,3694730000.0,,,,,,,14.55977925493849,34.676590183320705,2.4872684697236984,1.0,1,Atenção
CPFE3.SA,CPFL ENERGIAON      NM,2025-06-30,79238241000.0,56800582000.0,21481781000.0,2198935000.0,26818164000.0,4746065000.0,10549125000.0,3176653000.0,1124320000.0,2985094000.0,0.6714684448796859,-3.449415148825241,13.76910759233343,-0.9920388180941542,-27.524899778833365,-19.206707932650012,10.657945564205562,28.29707677177017,2.6441281567855106,2.0,2,Saudável
CPFE3.SA,CPFL ENERGIAON      NM,2025-09-30,82448148000.0,58759799000.0,22670093000.0,2098038000.0,28942852000.0,5424452000.0,11329144000.0,3299996000.0,1308167000.0,3011737000.0,4.050956911070247,5.5317201120335335,-4.58844849893244,7.394158283269947,16.351839333997443,0.8925347074497436,11.546918284382297,26.58397668879485,2.5919522694503283,3.0,2,Saudável
CPFE3.SA,CPFL ENERGIAON      NM,2025-12-31,81099930000.0,57595420000.0,22489775000.0,2229320000.0,28553256000.0,4915121000.0,11834294000.0,3732669000.0,1500518000.0,3442065000.0,-1.6352313941606078,-0.7954003541141175,6.25736998090598,4.458854084651054,14.703856617694843,14.288365816802727,12.679404449475399,29.085511987449358,2.560960258606411,3.0,2,Saudável
CPFE3.SA,CPFL ENERGIAON      NM,2026-03-31,83990552000.0,58605533000.0,24297552000.0,2131925000.0,30087687000.0,5879798000.0,11341535000.0,3894553000.0,1830241000.0,3881137000.0,3.564271880382641,8.03821736767041,-4.368820985771449,-4.163822531365202,21.97394499766081,12.756063583924181,16.137506960036717,34.220561855163346,2.411993315211343,3.0,2,Saudável
CPLE3.SA,COPEL       ON      NM,2025-03-31,60240753000.0,34007227000.0,26272206000.0,6055823000.0,15822773000.0,3040965000.0,5892086000.0,2299127000.0,665508000.0,2034192000.0,,,,,,,11.294947154539155,34.5241396680225,1.294418405519506,1.0,1,Atenção
CPLE3.SA,COPEL       ON      NM,2025-06-30,60742037000.0,35183182000.0,25596150000.0,2835585000.0,16220108000.0,3732568000.0,6225154000.0,2088263000.0,572140000.0,1199901000.0,0.8321343526366709,-2.5732745853165095,-53.175893681172646,5.652802759498088,-14.029583415976965,-41.01338516718186,9.190776645846833,19.275041227895727,1.3745497662734434,2.0,1,Atenção
CPLE3.SA,COPEL       ON      NM,2025-09-30,62048417000.0,36100750000.0,25986034000.0,3815007000.0,18770403000.0,2219175000.0,6811177000.0,2071214000.0,384222000.0,937888000.0,2.1507016631661546,1.5232134520230645,34.540385846306854,9.413791209020683,-32.844758275946454,-21.836218154664422,5.641051465847973,13.769837430447044,1.3892366184081804,3.0,2,Saudável
CPLE3.SA,COPEL       ON      NM,2025-12-31,60414456000.0,37322478000.0,23130019000.0,3130363000.0,17946978000.0,2127106000.0,7188439000.0,-796996000.0,1066755000.0,1518950000.0,-2.6333645224180358,-10.990576707472943,-17.946074541934,5.53886648372226,177.64027046863532,61.95430584462112,14.839869963423213,21.130456834926193,1.6135947834716435,3.0,2,Saudável
CPLE3.SA,COPEL       ON      NM,2026-03-31,62926662000.0,39130364000.0,23832389000.0,5175351000.0,21170976000.0,2208102000.0,7067701000.0,2528406000.0,692039000.0,2240797000.0,4.158286222092267,3.0366166149712104,65.32750355150505,-1.679613612913733,-35.126716068825544,47.522762434576514,9.791571544976224,31.7047509508396,1.641898510468254,3.0,2,Saudável
CSAN3.SA,COSAN       ON      NM,2025-03-31,127486217000.0,92715239000.0,7891663000.0,14809083000.0,58052637000.0,3652110000.0,9662601000.0,2870696000.0,-1787895000.0,2181050000.0,,,,,,,-18.503247728018575,22.572079712284506,11.748504592758206,0.0,0,Risco
CSAN3.SA,COSAN       ON      NM,2025-06-30,126036274000.0,92931858000.0,7191060000.0,13527889000.0,56526653000.0,4890140000.0,10477652000.0,3596147000.0,-946042000.0,2905862000.0,-1.1373331440213685,-8.8777612526029,-8.651406707626663,8.435109759784144,-47.086266251653484,33.2322505215378,-9.029141261801785,27.733904504558847,12.923248867343618,0.0,0,Risco
CSAN3.SA,COSAN       ON      NM,2025-09-30,125738697000.0,93684706000.0,5901323000.0,12898403000.0,57023731000.0,4884487000.0,10664185000.0,3727708000.0,-1185180000.0,2421096000.0,-0.23610425043190109,-17.935283532608548,-4.653246341687167,1.7802939055429512,25.277736083598825,-16.68234761320393,-11.113648159704656,22.70305700810704,15.875203916138805,0.0,0,Risco
CSAN3.SA,COSAN       ON      NM,2025-12-31,135117518000.0,104107886000.0,5304228000.0,27243683000.0,60308411000.0,4901711000.0,9614158000.0,2981059000.0,-5803011000.0,-3872789000.0,7.458977406136147,-10.117985407678919,111.21748948300035,-9.846293926821414,389.6311952614793,-259.96015853976877,-60.35901427873351,-40.282144312585665,19.627339925810126,0.0,0,Risco
CSAN3.SA,COSAN       ON      NM,2026-03-31,126988806000.0,97598836000.0,3493749000.0,17463977000.0,54796351000.0,4688017000.0,9028800000.0,3075781000.0,-1583350000.0,2986910000.0,-6.016031170732427,-34.13275221200899,-35.89715091017614,-6.0884998977549625,-72.71502673353541,-177.1255547358764,-17.53666046429204,33.082026404394824,27.935274113853055,0.0,0,Risco
CSMG3.SA,COPASA      ON      NM,2024-12-31,15511789000.0,7463560000.0,8048229000.0,642082000.0,5405391000.0,756357000.0,2006210000.0,810811000.0,271930000.0,642524000.0,,,,,,,13.554413545939855,32.02675691976413,0.9273543285112787,1.0,1,Atenção
CSMG3.SA,COPASA      ON      NM,2025-03-31,15936356000.0,7640187000.0,8296169000.0,539680000.0,5273262000.0,768555000.0,2061361000.0,940007000.0,428509000.0,899291000.0,2.737060180485962,3.08067774910481,-15.948430262801327,2.7490143105656895,57.58062736733718,39.962242655527255,20.78767377475367,43.626080050995434,0.9209295278338713,2.0,2,Saudável
CSMG3.SA,COPASA      ON      NM,2025-06-30,16581863000.0,8160534000.0,8421329000.0,909034000.0,6084910000.0,775345000.0,1979816000.0,829979000.0,289441000.0,704569000.0,4.050530748685577,1.5086481483200354,68.43944559739106,-3.955881575328146,-32.45392745543268,-21.652835400332037,14.619590911478642,35.587600059803535,0.9690316100938462,3.0,2,Saudável
CSMG3.SA,COPASA      ON      NM,2025-12-31,17737247000.0,9158944000.0,8578303000.0,503654000.0,6832383000.0,774772000.0,2174422000.0,894864000.0,336964000.0,782419000.0,6.9677574829800415,1.864005075683428,-44.5945916214355,9.829499307006317,16.41889020560321,11.049308158604765,15.496715908871414,35.982849695229355,1.06768716376654,3.0,2,Saudável
CSMG3.SA,COPASA      ON      NM,2026-03-31,21493578000.0,12724774000.0,8768804000.0,2242819000.0,8581944000.0,846040000.0,2128135000.0,922171000.0,368104000.0,860810000.0,21.177643858711548,2.220730603710308,345.3094783323472,-2.1287036279066363,9.24134328889734,10.019056285698591,17.297022980215072,40.449031663874706,1.451141341510199,3.0,2,Saudável
CSNA3.SA,SID NACIONALON,2025-03-31,99758272000.0,83498210000.0,13083889000.0,19787406000.0,47773029000.0,5493040000.0,10907629000.0,2532243000.0,-731580000.0,2441478000.0,,,,,,,-6.707048800431331,22.38321453727478,6.38175774802125,0.0,0,Risco
CSNA3.SA,SID NACIONALON,2025-06-30,101070743000.0,84217503000.0,13904040000.0,18305208000.0,43747995000.0,8046993000.0,10693286000.0,2726099000.0,-130369000.0,2522558000.0,1.3156512975685875,6.268403836198866,-7.490612968673105,-1.9650741696476848,-82.17980261898904,3.320939201581985,-1.2191668678832681,23.59011065447983,6.057052698352421,0.0,0,Risco
CSNA3.SA,SID NACIONALON,2025-09-30,100825592000.0,83470225000.0,14141924000.0,16526099000.0,43294938000.0,9088093000.0,11793868000.0,3467250000.0,-137080000.0,2568537000.0,-0.24255387140075246,1.7108984151368967,-9.719141131857123,10.292271243844041,5.147696154760717,1.8227132934109047,-1.162298916691284,21.77858019099417,5.9023245351905445,0.0,0,Risco
CSNA3.SA,SID NACIONALON,2025-12-31,100575369000.0,84839019000.0,12876059000.0,14421022000.0,42495988000.0,10667261000.0,11403163000.0,3668133000.0,-1080148000.0,699301000.0,-0.24817409452949635,-8.951151201208551,-12.737894163649877,-3.3127808450967855,687.9690691566968,-72.7743458630341,-9.472354293278102,6.132517793527989,6.588896416209338,0.0,0,Risco
CSNA3.SA,SID NACIONALON,2026-03-31,99128336000.0,83234053000.0,12849761000.0,12822834000.0,41359574000.0,9287989000.0,10603772000.0,2522704000.0,-555023000.0,1776648000.0,-1.4387548506036296,-0.20423951148406116,-11.082349087325438,-7.010256715614782,-48.616022989442186,154.06055475396147,-5.234203451375604,16.754867984713364,6.477478686179455,0.0,0,Risco
CURY3.SA,CURY S/A    ON  ED  NM,2024-12-31,4339295000.0,3029756000.0,1095470000.0,975224000.0,777513000.0,208869000.0,1034971000.0,404354000.0,165784000.0,252805000.0,,,,,,,16.018226597653463,24.426288272811508,2.7657133467826593,1.0,1,Atenção
CURY3.SA,CURY S/A    ON  ED  NM,2025-03-31,4870968000.0,3509484000.0,1133945000.0,1031724000.0,1150733000.0,132078000.0,1216184000.0,474888000.0,213475000.0,311917000.0,12.252520282672652,3.512191114316221,5.793540766018879,17.508993005601113,28.766949765960526,23.38244892308301,17.55285384448406,25.64718825440887,3.0949331757713114,2.0,1,Atenção
CURY3.SA,CURY S/A    ON  ED  NM,2025-06-30,5183964000.0,3605670000.0,1329968000.0,1035262000.0,1147008000.0,156104000.0,1346599000.0,532776000.0,236731000.0,349620000.0,6.425745354927392,17.286817261860143,0.3429211688397382,10.723295159285119,10.894015692704073,12.087510459513261,17.57991800083024,25.96318577393864,2.7110953045486808,3.0,2,Saudável
CURY3.SA,CURY S/A    ON  ED  NM,2025-09-30,5631997000.0,3989868000.0,1385221000.0,1287134000.0,1172288000.0,150698000.0,1416926000.0,566227000.0,255253000.0,373165000.0,8.642671901270926,4.154460859208653,24.329300215790784,5.222564401132046,7.824070358339208,6.734454550655,18.0145610991682,26.33623774283202,2.880311517079224,3.0,2,Saudável
CURY3.SA,CURY S/A    ON  ED  NM,2026-03-31,6195487000.0,4303517000.0,1544573000.0,1397709000.0,1174610000.0,175806000.0,1612571000.0,629656000.0,302867000.0,442286000.0,10.005154477177447,11.503723954516998,8.590791634748207,13.807707671395676,18.653649516362194,18.52290541717472,18.781622638631106,27.427381492039732,2.786217938550007,3.0,2,Saudável
CVCB3.SA,CVC BRASIL  ON      NM,2025-03-31,3732855000.0,3213628000.0,519227000.0,310867000.0,534615000.0,59863000.0,375740000.0,359191000.0,-7434000.0,119687000.0,,,,,,,-1.978495768350455,31.853675413850002,6.189254410883872,0.0,0,Risco
CVCB3.SA,CVC BRASIL  ON      NM,2025-06-30,3765057000.0,3296697000.0,468360000.0,251065000.0,536359000.0,32764000.0,348233000.0,341954000.0,-46434000.0,87147000.0,0.8626641002664082,-9.796678524036695,-19.2371657332557,-7.320753712673655,524.6166263115415,-27.187580940285915,-13.334175681224927,25.02548580978827,7.038809889828337,0.0,0,Risco
CVCB3.SA,CVC BRASIL  ON      NM,2025-09-30,3574566000.0,3071067000.0,503499000.0,176912000.0,381127000.0,20425000.0,388995000.0,379453000.0,40626000.0,146146000.0,-5.05944531517053,7.50256213169358,-29.535379284249096,11.705381167207008,-187.49192402119138,67.70055194097331,10.443836039023639,37.570148716564475,6.0994500485601755,1.0,1,Atenção
CVCB3.SA,CVC BRASIL  ON      NM,2025-12-31,3738885000.0,3260094000.0,478791000.0,286727000.0,309320000.0,122421000.0,375525000.0,365196000.0,-27693000.0,169311000.0,4.5968937208041405,-4.907259001507446,62.07323415031203,-3.4627694443373325,-168.16570669029684,15.850587768395986,-7.374475733972438,45.0864789294987,6.809012700739989,1.0,0,Risco
CVCB3.SA,CVC BRASIL  ON      NM,2026-03-31,3724248000.0,3322517000.0,401731000.0,167333000.0,311064000.0,158959000.0,377776000.0,368999000.0,-72321000.0,82520000.0,-0.3914803477507278,-16.09470520540277,-41.640305935611224,0.5994274682111778,161.1526378507204,-51.261288398272995,-19.143884206513913,21.843632205328024,8.270501903014704,1.0,0,Risco
CYRE3.SA,CYRELA REALTON      NM,2025-03-31,21847715000.0,11430229000.0,9350228000.0,145454000.0,5014058000.0,1003400000.0,1952744000.0,634339000.0,327632000.0,598994000.0,,,,,,,16.77803132412646,30.67447653148595,1.22245457543923,1.0,1,Atenção
CYRE3.SA,CYRELA REALTON      NM,2025-06-30,23414787000.0,12539919000.0,9786076000.0,178909000.0,5695560000.0,1194126000.0,2107130000.0,689836000.0,387807000.0,699340000.0,7.17270433086481,4.661362268385316,23.00039875149531,7.906105459804258,18.366643062948683,16.752421560149177,18.404512298719112,33.18921945964416,1.281404211453089,2.0,2,Saudável
CYRE3.SA,CYRELA REALTON      NM,2025-09-30,24950414000.0,13461465000.0,10433784000.0,172898000.0,6252769000.0,1243633000.0,2128446000.0,702414000.0,609115000.0,911362000.0,6.558364165345609,6.618669219409301,-3.3598086177889286,1.0116129522146133,57.06653051646824,30.31744215975063,28.61782727868125,42.8181875415209,1.2901805327769869,3.0,2,Saudável
CYRE3.SA,CYRELA REALTON      NM,2025-12-31,26109817000.0,14643033000.0,10227310000.0,726554000.0,7214779000.0,1501299000.0,3235174000.0,1043380000.0,682202000.0,1038223000.0,4.646828705928496,-1.9788985472576348,320.22117086374624,51.99699687001691,11.998883626244638,13.919935217838786,21.087026540149,32.09172056897094,1.4317580087041462,3.0,2,Saudável
CYRE3.SA,CYRELA REALTON      NM,2026-03-31,26714090000.0,14786091000.0,10621011000.0,194663000.0,7432897000.0,1359131000.0,2025033000.0,665926000.0,296776000.0,653950000.0,2.3143517244873735,3.8495068595749915,-73.20735967319703,-37.405746955186956,-56.49734242936844,-37.01256859075555,14.655366110083145,32.29330089929399,1.39215475814873,3.0,2,Saudável
DASA3.SA,DASA        ON      NM,2025-03-31,28261545000.0,20429711000.0,7813960000.0,3437428000.0,11447582000.0,1520284000.0,3826272000.0,1135093000.0,-114272000.0,698587000.0,,,,,,,-2.986510106965736,18.257640857733062,2.6145144075475177,0.0,0,Risco
DASA3.SA,DASA        ON      NM,2025-06-30,20220243000.0,12589427000.0,7611977000.0,1345177000.0,6980797000.0,1375734000.0,2465933000.0,732412000.0,-178585000.0,791293000.0,-28.45315781568205,-2.584899334012458,-60.86675851828751,-35.552595319935435,56.28062867544106,13.270501741372232,-7.242086463825253,32.088990252371005,1.653897141307705,0.0,0,Risco
DASA3.SA,DASA        ON      NM,2025-09-30,21098462000.0,13257089000.0,7821124000.0,2545892000.0,6032782000.0,2843192000.0,2608481000.0,881674000.0,95812000.0,676585000.0,4.343266300014292,2.747604203218157,89.26074412512257,5.780692338356319,-153.65064255116613,-14.496273820190497,3.6730955678803108,25.937892589595247,1.6950362889016974,1.0,1,Atenção
DASA3.SA,DASA        ON      NM,2025-12-31,18562235000.0,11669230000.0,6865116000.0,2665170000.0,5732463000.0,2356164000.0,2269676000.0,644123000.0,-954944000.0,-127924000.0,-12.020909391404933,-12.223409320706335,4.6851162578773975,-12.988593744788634,-1096.6851751346387,-118.90730654684924,-42.07402290018487,-5.636222967507257,1.6997862818341307,1.0,0,Risco
DASA3.SA,DASA        ON      NM,2026-03-31,17814511000.0,10918291000.0,6866407000.0,1704455000.0,5738006000.0,1691175000.0,2222829000.0,745364000.0,-1919000.0,576172000.0,-4.028200267909554,0.01880521756660869,-36.04704390339077,-2.064039096329162,-99.79904580792171,-550.401801069385,-0.086331427203802,25.920662363141744,1.5901025092162466,1.0,0,Risco
DESK3.SA,DESKTOP     ON      NM,2025-03-31,3584613000.0,2191246000.0,1369922000.0,257930000.0,1345731000.0,89237000.0,294586000.0,186343000.0,19522000.0,147901000.0,,,,,,,6.626927280997739,50.206391342426315,1.5995407037772953,1.0,1,Atenção
DESK3.SA,DESKTOP     ON      NM,2025-06-30,3994975000.0,2582826000.0,1386656000.0,655609000.0,1717812000.0,108370000.0,297407000.0,181262000.0,15414000.0,149116000.0,11.447874568328587,1.2215294009439992,154.1809793354786,0.9576150937247618,-21.04292592972031,0.821495459800814,5.182796638949318,50.138698820135374,1.8626292317633213,2.0,1,Atenção
DESK3.SA,DESKTOP     ON      NM,2025-09-30,3734989000.0,2305036000.0,1402261000.0,352366000.0,1414517000.0,107390000.0,310581000.0,186328000.0,15051000.0,171060000.0,-6.507825455728755,1.1253692336094856,-46.25363593239263,4.429620015668756,-2.3550019462825977,14.716059980149687,4.846078800699335,55.07741941715688,1.643799549441937,3.0,1,Atenção
DESK3.SA,DESKTOP     ON      NM,2025-12-31,3858352000.0,2420321000.0,1407988000.0,464637000.0,1567252000.0,98436000.0,315973000.0,198118000.0,21497000.0,154669000.0,3.302901293685201,0.4084118434442674,31.862041173098433,1.7361010493236906,42.82771908843266,-9.582018005378234,6.803429406942999,48.95006851851266,1.7189926334599444,3.0,2,Saudável
DESK3.SA,DESKTOP     ON      NM,2026-03-31,3866729000.0,2413052000.0,1420900000.0,457334000.0,1592080000.0,116696000.0,321651000.0,193823000.0,9635000.0,165502000.0,0.2171134204447922,0.9170532703403733,-1.5717646248576855,1.7969889832359032,-55.17979252919012,7.00398916395657,2.9954826815399302,51.45390500884499,1.698256034907453,3.0,1,Atenção
DIRR3.SA,DIRECIONAL  ON      NM,2025-03-31,10612250000.0,8245540000.0,2178391000.0,837999000.0,1701507000.0,256830000.0,894132000.0,345281000.0,164516000.0,246821000.0,,,,,,,18.39952042875101,27.604537137693313,3.7851515177945556,1.0,1,Atenção
DIRR3.SA,DIRECIONAL  ON      NM,2025-06-30,11566858000.0,9096208000.0,2203628000.0,1251709000.0,1774509000.0,331335000.0,1065210000.0,414228000.0,183742000.0,279665000.0,8.995340290701792,1.158515620014966,49.36879399617422,19.133416542523918,11.686401322667695,13.306809388180096,17.249368669088724,26.254447479839655,4.127832828408424,2.0,2,Saudável
DIRR3.SA,DIRECIONAL  ON      NM,2025-09-30,12415734000.0,9695552000.0,2445693000.0,1575523000.0,2341473000.0,327796000.0,1157823000.0,463800000.0,229652000.0,358522000.0,7.33886419285168,10.98483954642071,25.869750876601504,8.694341960740125,24.98612184476059,28.196949922228388,19.834810674861355,30.965182070143708,3.9643373064403424,3.0,2,Saudável
DIRR3.SA,DIRECIONAL  ON      NM,2025-12-31,13219635000.0,10899484000.0,1916621000.0,1199343000.0,2483542000.0,418371000.0,1225843000.0,499108000.0,211432000.0,368669000.0,6.474856822802422,-21.632805098595774,-23.876515925188013,5.874818517165403,-7.933743228885448,2.8302307808167892,17.24788574066989,30.07473224548331,5.686822799082344,3.0,2,Saudável
DIRR3.SA,DIRECIONAL  ON      NM,2026-03-31,13916924000.0,11366786000.0,2129548000.0,1662196000.0,2794176000.0,444256000.0,1164527000.0,473412000.0,213160000.0,353405000.0,5.274646387740667,11.10949947850932,38.59221256971526,-5.001945599885138,0.8172840440425322,-4.140299292861616,18.304427462823963,30.347514484421573,5.33765193364977,3.0,2,Saudável
DXCO3.SA,DEXCO       ON      NM,2024-12-31,18144110000.0,10949015000.0,6976900000.0,1231419000.0,5215800000.0,1317986000.0,2064171000.0,509059000.0,22512000.0,522059000.0,,,,,,,1.0906073188703842,25.291460833429014,1.5693237684358383,1.0,1,Atenção
DXCO3.SA,DEXCO       ON      NM,2025-03-31,17981843000.0,10876508000.0,6872730000.0,1120677000.0,2616319000.0,596325000.0,1902545000.0,445955000.0,45942000.0,512680000.0,-0.8943232817702262,-1.4930699881036014,-8.993039737083809,-7.830068342206142,104.07782515991472,-1.7965402377892126,2.4147654851790628,26.94706301296421,1.5825600598306642,2.0,1,Atenção
DXCO3.SA,DEXCO       ON      NM,2025-06-30,17988546000.0,10941065000.0,6806909000.0,861948000.0,1473941000.0,739948000.0,2121662000.0,486994000.0,31717000.0,661522000.0,0.037276490513238336,-0.9577125829182909,-23.08684839610343,11.517046902964179,-30.96295328892952,29.032144807677305,1.4949129503191365,31.17942443235539,1.6073470351961514,3.0,1,Atenção
DXCO3.SA,DEXCO       ON      NM,2025-12-31,19000785000.0,11792744000.0,6846834000.0,2178462000.0,7067100000.0,572252000.0,2096529000.0,586691000.0,-87454000.0,498114000.0,5.627130730855057,0.5865364146927732,152.73705606370686,-1.1845901939140147,-375.7322571491629,-24.701823975619863,-4.171370870615193,23.758984492940474,1.7223645264365983,2.0,0,Risco
DXCO3.SA,DEXCO       ON      NM,2026-03-31,19675362000.0,12303397000.0,6915037000.0,2764335000.0,4237438000.0,338930000.0,2018505000.0,553766000.0,53346000.0,669971000.0,3.5502585814217724,0.9961246322022665,26.893882014008042,-3.7215798112022247,-160.9989251492213,34.50153980815636,2.64284705759956,33.19144614454758,1.7792235963451823,2.0,1,Atenção
ECOR3.SA,ECORODOVIAS ON  ED  NM,2025-03-31,32438540000.0,28611315000.0,3574014000.0,3355146000.0,19291302000.0,3844523000.0,2426119000.0,1013417000.0,146654000.0,1010433000.0,,,,,,,6.044798297198117,41.64812195939276,8.005372950413737,1.0,0,Risco
ECOR3.SA,ECORODOVIAS ON  ED  NM,2025-06-30,32690853000.0,28650955000.0,3777957000.0,2409899000.0,18802787000.0,4235684000.0,2718137000.0,1091239000.0,203943000.0,1192009000.0,0.7778186071259574,5.706273114766769,-28.173051187638332,12.036425253666462,39.064055532068686,17.970117761395365,7.503043444830043,43.853896989003864,7.583716543094588,2.0,1,Atenção
ECOR3.SA,ECORODOVIAS ON  ED  NM,2025-09-30,35119596000.0,30648394000.0,4207984000.0,1400718000.0,23048665000.0,1889785000.0,2993330000.0,1199737000.0,430027000.0,1564853000.0,7.429426818566043,11.382527646556051,-41.8764852800885,10.124324123471329,110.8564647965363,31.27862289630363,14.366174127142681,52.27799808240321,7.283391286658885,3.0,1,Atenção
ECOR3.SA,ECORODOVIAS ON  ED  NM,2025-12-31,37100478000.0,32726082000.0,4102821000.0,1186197000.0,24594575000.0,1932769000.0,3383487000.0,1160751000.0,105227000.0,1364804000.0,5.640389485118225,-2.4991302248297487,-15.315074126269524,13.034212732976314,-75.53014113067319,-12.78388449266481,3.110016382507159,40.33720241868818,7.976483010104511,3.0,1,Atenção
ECOR3.SA,ECORODOVIAS ON  ED  NM,2026-03-31,37541874000.0,33189604000.0,4092731000.0,2365368000.0,25401715000.0,1810514000.0,2558875000.0,881681000.0,-10090000.0,1177059000.0,1.1897313021142164,-0.24592835027411608,99.4076869187833,-24.371661543254042,-109.58879375065335,-13.756187701677314,-0.39431390747887257,45.99908162766841,8.109402743547035,2.0,0,Risco
EGIE3.SA,ENGIE BRASILON      NM,2024-12-31,50112301000.0,37831903000.0,11266701000.0,3958758000.0,21514004000.0,2620932000.0,3270906000.0,1595954000.0,1068913000.0,,,,,,,,32.679416650921794,,3.3578509805132843,1.0,1,Atenção
EGIE3.SA,ENGIE BRASILON      NM,2025-03-31,52761221000.0,39608569000.0,12082964000.0,5574639000.0,23091608000.0,2748957000.0,3013069000.0,1640748000.0,768703000.0,2010629000.0,5.285967611026288,7.244915792120521,40.81787772831782,-7.8827395223219465,-28.085541105777555,,25.51229327970916,66.73026737854327,3.2780507332472397,2.0,2,Saudável
EGIE3.SA,ENGIE BRASILON      NM,2025-06-30,53308650000.0,39895355000.0,12309470000.0,5660413000.0,24287458000.0,2805495000.0,3086121000.0,1428175000.0,516281000.0,1713930000.0,1.037559384761022,1.8745897115972632,1.5386467177515906,2.424504715955722,-32.837389733095875,-14.756526440233376,16.72912371225885,55.53670773116155,3.2410294675562796,3.0,2,Saudável
EGIE3.SA,ENGIE BRASILON      NM,2025-12-31,55312909000.0,41398416000.0,12757728000.0,3358552000.0,26183772000.0,2964832000.0,3417629000.0,1440625000.0,617451000.0,1790389000.0,3.7597256730380613,3.641570270694028,-40.66595494003706,10.741898972852981,19.595917726974264,4.461033997887887,18.066647959740507,52.38687405800923,3.244967756014237,3.0,1,Atenção
EGIE3.SA,ENGIE BRASILON      NM,2026-03-31,58695282000.0,43896842000.0,13600999000.0,6465375000.0,28363272000.0,3326592000.0,3408657000.0,1833504000.0,751482000.0,2223964000.0,6.114979416468591,6.609883828844754,92.50483541716787,-0.2625211806196681,21.707147611713328,24.21680428108082,22.04627805027024,65.24458166368748,3.2274718937925075,3.0,2,Saudável
EMBJ3.SA,EMBRAER     ON      NM,2024-12-31,11824300000.0,8479700000.0,3075600000.0,1563000000.0,2377300000.0,133000000.0,2311500000.0,429600000.0,45600000.0,290400000.0,,,,,,,1.972744970798183,12.563270603504218,2.75708804786058,1.0,1,Atenção
EMBJ3.SA,EMBRAER     ON      NM,2025-03-31,11696600000.0,8229200000.0,3189400000.0,813000000.0,1954500000.0,112700000.0,1103000000.0,189100000.0,73400000.0,188400000.0,-1.0799793645289824,3.7000910391468356,-47.98464491362764,-52.28206792126324,60.96491228070175,-35.12396694214877,6.654578422484134,17.080689029918407,2.5801718191509373,2.0,1,Atenção
EMBJ3.SA,EMBRAER     ON      NM,2025-06-30,12073500000.0,8465700000.0,3333500000.0,654000000.0,2083500000.0,142800000.0,1819100000.0,352800000.0,78500000.0,249600000.0,3.2223039173777,4.518091177023886,-19.55719557195572,64.92293744333635,6.948228882833796,32.48407643312101,4.315320763014677,13.721070859216095,2.5395830208489576,3.0,1,Atenção
EMBJ3.SA,EMBRAER     ON      NM,2025-12-31,12920200000.0,9108200000.0,3444700000.0,1949800000.0,2488500000.0,126000000.0,2651800000.0,442200000.0,83300000.0,17900000.0,7.012879446722153,3.335833208339589,198.13455657492355,45.77538343136715,6.114649681528661,-92.82852564102564,3.1412625386529904,0.6750131985820952,2.644119952390629,3.0,2,Saudável
EMBJ3.SA,EMBRAER     ON      NM,2026-03-31,12958600000.0,9294700000.0,3293200000.0,1315700000.0,2594600000.0,117500000.0,1446700000.0,260200000.0,33400000.0,181000000.0,0.2972090215321854,-4.398060789038228,-32.52128423428044,-45.444603665434805,-59.90396158463385,911.1731843575418,2.30870256445704,12.511232460081564,2.822391594801409,3.0,1,Atenção
ENEV3.SA,ENEVA       ON      NM,2024-12-31,52770780000.0,32556013000.0,18909488000.0,3194255000.0,16284256000.0,1555525000.0,4858555000.0,1128886000.0,-1066544000.0,-487350000.0,,,,,,,-21.951876638218565,-10.030760174578655,1.7216760707640524,0.0,0,Risco
ENEV3.SA,ENEVA       ON      NM,2025-03-31,54578563000.0,34051084000.0,19137726000.0,3636011000.0,17909630000.0,1794378000.0,4423556000.0,1321555000.0,384385000.0,1645377000.0,3.4257272680070283,1.2070025375620963,13.829703639815861,-8.953258736393844,-136.0402383774134,-437.6171129578331,8.68950229182133,37.19579903588877,1.779264892809104,1.0,1,Atenção
ENEV3.SA,ENEVA       ON      NM,2025-06-30,53385056000.0,32426636000.0,19495012000.0,2995425000.0,17963927000.0,1662092000.0,3513980000.0,1338522000.0,364475000.0,1790488000.0,-2.1867688235031046,1.8669198210905513,-17.617823488432794,-20.562099812910695,-5.179702641882489,8.819316181033287,10.372142129437275,50.953278049391294,1.6633298815102038,2.0,1,Atenção
ENEV3.SA,ENEVA       ON      NM,2025-09-30,54448940000.0,33131151000.0,19852577000.0,2516524000.0,18513943000.0,1395702000.0,4428021000.0,1372443000.0,351721000.0,1839430000.0,1.9928498342307588,1.8341358292059518,-15.987747982339739,26.011559542171558,-3.4992797859935476,2.733444736853863,7.943074344046696,41.540679233454405,1.668858959720947,3.0,1,Atenção
ENEV3.SA,ENEVA       ON      NM,2025-12-31,56840479000.0,35434137000.0,19822386000.0,2148312000.0,18565821000.0,1479951000.0,6050499000.0,1372047000.0,56994000.0,1255131000.0,4.392259977880197,-0.15207597482180812,-14.631769853973175,36.641154140867904,-83.79567896144955,-31.765220747731636,0.9419718935578701,20.744255969631595,1.7875818279393814,3.0,1,Atenção
EQTL3.SA,EQUATORIAL  ON      NM,2025-03-31,115721235000.0,84988826000.0,26783979000.0,1560654000.0,46487673000.0,7962921000.0,10767181000.0,2548824000.0,556168000.0,2662826000.0,,,,,,,5.165400303013389,24.73094861134033,3.1731217381853534,1.0,1,Atenção
EQTL3.SA,EQUATORIAL  ON      NM,2025-06-30,116701444000.0,84589141000.0,27995081000.0,2114164000.0,47559310000.0,7564854000.0,12122780000.0,2711830000.0,1073601000.0,3677519000.0,0.8470433278732203,4.521740403096941,35.46654159089715,12.590101345932613,93.03537779951381,38.10586947851644,8.85606271828739,30.335607839126013,3.0215715753778314,2.0,1,Atenção
EQTL3.SA,EQUATORIAL  ON      NM,2025-09-30,126167097000.0,93370595000.0,28549056000.0,4861502000.0,54974600000.0,7432313000.0,13403446000.0,2745024000.0,468901000.0,2971601000.0,8.11099903785253,1.9788297808461364,129.9491430182332,10.56412803003932,-56.32446318511253,-19.195495658893947,3.498361540756011,22.17042542641646,3.270531782206739,3.0,2,Saudável
EQTL3.SA,EQUATORIAL  ON      NM,2025-12-31,109603944000.0,81275997000.0,25751539000.0,2659827000.0,50058278000.0,4426421000.0,12634349000.0,2475896000.0,-420318000.0,954332000.0,-13.127949674549455,-9.798982495253084,-45.28795833057355,-5.738054228740874,-189.63896430163297,-67.88492129326919,-3.3267879492643426,7.553471888421003,3.156160763828523,2.0,0,Risco
EQTL3.SA,EQUATORIAL  ON      NM,2026-03-31,111791967000.0,83592644000.0,25686474000.0,5667914000.0,52158282000.0,4696470000.0,11982832000.0,2687907000.0,424465000.0,2886302000.0,1.9962995127255745,-0.25266451065313333,113.0933327618676,-5.1567120711957575,-200.98663392954856,202.44212705850794,3.5422761497449016,24.086977101907127,3.2543448353401874,2.0,1,Atenção
ESPA3.SA,ESPACOLASER ON      NM,2025-03-31,2295822000.0,1427880000.0,867856000.0,209191000.0,602648000.0,190872000.0,279360000.0,101425000.0,12257000.0,78218000.0,,,,,,,4.387528636884307,27.998997709049256,1.645295993805424,1.0,1,Atenção
ESPA3.SA,ESPACOLASER ON      NM,2025-06-30,2227081000.0,1355772000.0,871729000.0,183354000.0,560693000.0,201368000.0,259218000.0,85333000.0,2584000.0,75709000.0,-2.994178120080737,0.4462721926218105,-12.350913758240079,-7.21005154639175,-78.91816920943134,-3.2077015520724173,0.9968443549444869,29.206690893379317,1.5552677494955427,2.0,1,Atenção
ESPA3.SA,ESPACOLASER ON      NM,2025-09-30,2252060000.0,1388815000.0,864732000.0,240204000.0,587482000.0,211786000.0,266026000.0,85860000.0,-7968000.0,62395000.0,1.1216026718381622,-0.802657706695542,31.00559573284467,2.6263608237082403,-408.359133126935,-17.585755986738693,-2.995195958289791,23.45447437468518,1.6060640753435746,2.0,0,Risco
ESPA3.SA,ESPACOLASER ON      NM,2025-12-31,2207516000.0,1351509000.0,858551000.0,145317000.0,651137000.0,55951000.0,288381000.0,100117000.0,8803000.0,76957000.0,-1.9779224354590896,-0.7147879342964014,-39.50267272818104,8.403313961793213,-210.4794176706827,23.33840852632423,3.0525589411230283,26.68587736362659,1.5741743938333308,2.0,1,Atenção
ESPA3.SA,ESPACOLASER ON      NM,2026-03-31,2235380000.0,1369008000.0,869363000.0,172031000.0,646170000.0,76871000.0,288146000.0,106629000.0,12511000.0,77909000.0,1.2622332069167408,1.2593311288438214,18.383258668978854,-0.08148941851231495,42.12200386231966,1.2370544589835886,4.3418961221047665,27.038029332352348,1.5747254023923263,2.0,1,Atenção
EVEN3.SA,EVEN        ON      NM,2025-03-31,5148045000.0,2962905000.0,1885179000.0,589000.0,851923000.0,261160000.0,337321000.0,78762000.0,53907000.0,84860000.0,,,,,,,15.980920251036846,25.157046255643735,1.571683643834352,1.0,1,Atenção
EVEN3.SA,EVEN        ON      NM,2025-06-30,5127147000.0,2949033000.0,1896158000.0,4766000.0,979403000.0,146326000.0,569753000.0,110134000.0,48875000.0,83246000.0,-0.40594050751304733,0.5823850148977794,709.1680814940578,68.90528606283036,-9.334594765058347,-1.9019561630921555,8.57827865759373,14.610892790384606,1.5552675462698784,2.0,1,Atenção
EVEN3.SA,EVEN        ON      NM,2025-09-30,5008874000.0,2735959000.0,1980739000.0,8157000.0,1021173000.0,89591000.0,528822000.0,174270000.0,90039000.0,127924000.0,-2.3067994734693564,4.4606514857939095,71.14981116240034,-7.183990255426476,84.2230179028133,53.66984599860653,17.026334002745724,24.190370294730553,1.3812819356815815,3.0,2,Saudável
EVEN3.SA,EVEN        ON      NM,2025-12-31,5215835000.0,3021079000.0,1880417000.0,11034000.0,1269564000.0,221346000.0,484361000.0,157477000.0,44871000.0,94792000.0,4.13188672743614,-5.064877300845794,35.27031997057741,-8.407554905053116,-50.164928530969924,-25.89975297833088,9.263958080852918,19.570526941681926,1.60660055721683,3.0,2,Saudável
EVEN3.SA,EVEN        ON      NM,2026-03-31,5290858000.0,2985354000.0,1927510000.0,1141000.0,1236426000.0,258981000.0,330192000.0,84548000.0,32509000.0,60835000.0,1.4383698870842343,2.5043913132033913,-89.65923509153525,-31.829358680818643,-27.550088030130816,-35.822643261034685,9.845483839705384,18.424128991616996,1.5488137545330505,3.0,1,Atenção
EZTC3.SA,EZTEC       ON  ED  NM,2025-03-31,6960771000.0,1977886000.0,4898437000.0,59163000.0,1460190000.0,118200000.0,311247000.0,123329000.0,94099000.0,121807000.0,,,,,,,30.23290184323062,39.135156322791865,0.4037790013426732,1.0,1,Atenção
EZTC3.SA,EZTEC       ON  ED  NM,2025-06-30,7031122000.0,1927803000.0,5015996000.0,47650000.0,1470129000.0,64716000.0,449254000.0,182983000.0,139907000.0,189133000.0,1.0106782711283069,2.3999287936131486,-19.459797508577992,44.34002576731664,48.680644852761446,55.272685477846096,31.14207107783125,42.09934691733407,0.38433104811088364,2.0,2,Saudável
EZTC3.SA,EZTEC       ON  ED  NM,2025-09-30,7008353000.0,1787802000.0,5132994000.0,72150000.0,1139425000.0,262237000.0,469356000.0,209678000.0,183453000.0,223340000.0,-0.3238316729534785,2.332497872805317,51.41657922350473,4.474528885663798,31.12496158162208,18.086214462838313,39.08610947766727,47.58434961947861,0.34829614061500946,3.0,2,Saudável
EZTC3.SA,EZTEC       ON  ED  NM,2025-12-31,7196637000.0,2076740000.0,5030546000.0,66575000.0,1557190000.0,152248000.0,268965000.0,109167000.0,117553000.0,169926000.0,2.686565588234502,-1.9958721946684577,-7.726957726957728,-42.69488405389512,-35.922007271617254,-23.916002507387834,43.7056866134999,63.17773688026323,0.41282596362303414,3.0,2,Saudável
EZTC3.SA,EZTEC       ON  ED  NM,2026-03-31,7339974000.0,2100522000.0,5150245000.0,42563000.0,1593031000.0,124717000.0,322518000.0,124959000.0,119699000.0,168747000.0,1.9917219668019959,2.379443503746903,-36.067592940292904,19.910769059171262,1.825559534848109,-0.6938314325059092,37.11389751889817,52.32173088013692,0.40784894699184215,3.0,2,Saudável
FESA4.SA,FERBASA     PN      N1,2025-03-31,4334562000.0,969541000.0,3363440000.0,447285000.0,153198000.0,69053000.0,549849000.0,74283000.0,24183000.0,99075000.0,,,,,,,4.398116573822995,18.018583283774273,0.288258746997122,1.0,1,Atenção
FESA4.SA,FERBASA     PN      N1,2025-06-30,4276434000.0,905522000.0,3369258000.0,390550000.0,146672000.0,61781000.0,639441000.0,88118000.0,18616000.0,108327000.0,-1.3410351495722006,0.17297766572319517,-12.684306426551306,16.293927969315213,-23.02030351900095,9.338380015140046,2.911292832333241,16.940890559097713,0.2687600652725318,2.0,1,Atenção
FESA4.SA,FERBASA     PN      N1,2025-09-30,4231635000.0,842085000.0,3387880000.0,357038000.0,140164000.0,55601000.0,542568000.0,120638000.0,45881000.0,92761000.0,-1.0475784263243582,0.5527032955030542,-8.58071949814364,-15.149638512388163,146.46003437902883,-14.369455445087564,8.456267232862977,17.096658851978,0.24855809532805176,3.0,2,Saudável
FESA4.SA,FERBASA     PN      N1,2025-12-31,4459480000.0,1173440000.0,3284363000.0,372724000.0,332621000.0,60818000.0,602596000.0,128107000.0,99698000.0,100254000.0,5.3843254439477795,-3.0555096402470006,4.3933698934007115,11.063682340278081,117.29692029380354,8.07774819158913,16.544749716227788,16.637017172367557,0.35728084867598375,3.0,2,Saudável
FESA4.SA,FERBASA     PN      N1,2026-03-31,4417895000.0,1134303000.0,3281842000.0,364597000.0,319241000.0,62579000.0,506372000.0,47726000.0,-2521000.0,60993000.0,-0.9325078260245534,-0.07675765437620274,-2.1804337794185558,-15.968244064016357,-102.52863648217615,-39.16152971452511,-0.497855331653409,12.045097280260363,0.3456299846244883,2.0,0,Risco
FIQE3.SA,UNIFIQUE    ON      NM,2025-03-31,2320127000.0,1100047000.0,1220080000.0,419339000.0,460879000.0,149808000.0,269713000.0,138188000.0,36978000.0,144130000.0,,,,,,,13.710128914809447,53.438284398601475,0.9016187463117172,1.0,1,Atenção
FIQE3.SA,UNIFIQUE    ON      NM,2025-06-30,2304204000.0,1038627000.0,1265577000.0,317212000.0,439457000.0,151370000.0,286142000.0,144918000.0,45168000.0,155273000.0,-0.6862986379624902,3.7290177693265925,-24.354281380935237,6.09128963008827,22.148304397209163,7.731214875459647,15.785169601107144,54.26431631847125,0.8206746804026938,2.0,2,Saudável
FIQE3.SA,UNIFIQUE    ON      NM,2025-09-30,2364537000.0,1094436000.0,1270411000.0,270173000.0,439434000.0,161158000.0,306218000.0,161581000.0,64679000.0,165085000.0,2.6183879552331257,0.3819601652052862,-14.828884153184617,7.016096902936297,43.19651080410911,6.3191926477880855,21.12188049036961,53.9109392654906,0.8614818354060222,3.0,2,Saudável
FIQE3.SA,UNIFIQUE    ON      NM,2025-12-31,2495168000.0,1379178000.0,1117763000.0,212960000.0,395828000.0,189926000.0,323507000.0,167980000.0,62197000.0,176032000.0,5.524591072163387,-12.0156390333522,-21.17643139766002,5.64597770215991,-3.837412452264255,6.631129418178516,19.22585910042132,54.41366029174021,1.2338733702940605,3.0,2,Saudável
FIQE3.SA,UNIFIQUE    ON      NM,2026-03-31,3033954000.0,1865782000.0,1168801000.0,662658000.0,872398000.0,203117000.0,329069000.0,164530000.0,50887000.0,175808000.0,21.593175289198975,4.5660842235786925,211.16547708489855,1.719282735767691,-18.184156792128235,-0.12724959098345812,15.463930057222042,53.42587724762892,1.5963213583835059,3.0,2,Saudável
FLRY3.SA,FLEURY      ON      NM,2025-03-31,13270727000.0,7950504000.0,5226804000.0,7536000.0,3898373000.0,622450000.0,2015073000.0,572118000.0,179286000.0,603651000.0,,,,,,,8.897245906227715,29.956780722087984,1.5211023791976894,1.0,1,Atenção
FLRY3.SA,FLEURY      ON      NM,2025-06-30,13072446000.0,7601926000.0,5379103000.0,7432000.0,3898370000.0,528918000.0,2024533000.0,527978000.0,152299000.0,585238000.0,-1.4941231177463044,2.9138073667962283,-1.3800424628450103,0.4694619003877243,-15.052485972133912,-3.0502724256234126,7.522673130050239,28.9073085002813,1.4132330241677842,2.0,1,Atenção
FLRY3.SA,FLEURY      ON      NM,2025-09-30,13584226000.0,8101554000.0,5395011000.0,11689000.0,3898368000.0,672125000.0,2190979000.0,615850000.0,184917000.0,657786000.0,3.914952106132241,0.29573704017193947,57.27933261571583,8.221451564385474,21.41708087380745,12.396324230484002,8.439925713573704,30.022469407511437,1.5016751587716874,3.0,2,Saudável
FLRY3.SA,FLEURY      ON      NM,2025-12-31,13220481000.0,8124213000.0,5001340000.0,21772000.0,3798366000.0,550835000.0,2060597000.0,490091000.0,96329000.0,530574000.0,-2.6777013279961626,-7.296945270361821,86.2605868765506,-5.950855759000884,-47.90689877079988,-19.339420419406917,4.674810261298061,25.748557335568282,1.624407258854627,3.0,2,Saudável
FLRY3.SA,FLEURY      ON      NM,2026-03-31,13325654000.0,8048020000.0,5182614000.0,9720000.0,3798365000.0,648107000.0,2223118000.0,628066000.0,201212000.0,659127000.0,0.7955308131375904,3.624508631686707,-55.35550248024986,7.887083209380585,108.87998422074348,24.229042508679278,9.050891585601843,29.64876358339953,1.5528881757352564,3.0,1,Atenção
GFSA3.SA,GAFISA      ON      NM,2025-03-31,4938033000.0,2942746000.0,1995251000.0,5951000.0,639688000.0,863694000.0,226841000.0,350000.0,21139000.0,-12079000.0,,,,,,,9.318862110465039,-5.324875132802271,1.47487509090335,1.0,1,Atenção
GFSA3.SA,GAFISA      ON      NM,2025-06-30,5154481000.0,3152371000.0,2002085000.0,3312000.0,694203000.0,932849000.0,162291000.0,-22425000.0,6834000.0,58924000.0,4.383283789314496,0.3425132978256862,-44.34548815325156,-28.456055122310342,-67.67112919248781,-587.8218395562546,4.210954396731797,36.30762026236822,1.5745440378405513,2.0,1,Atenção
GFSA3.SA,GAFISA      ON      NM,2025-09-30,4984012000.0,2994652000.0,1989335000.0,24507000.0,888042000.0,672975000.0,120832000.0,-24154000.0,-92116000.0,-58437000.0,-3.3072000847418015,-0.6368360983674548,639.9456521739131,-25.54608696723786,-1447.907521217442,-199.17351164211524,-76.23477224576271,-48.36218882415254,1.5053532964533374,2.0,0,Risco
GFSA3.SA,GAFISA      ON      NM,2025-12-31,4727891000.0,3190858000.0,1537007000.0,17650000.0,631936000.0,971975000.0,109728000.0,-152798000.0,-480399000.0,-390088000.0,-5.138851993133242,-22.73764851068322,-27.9797608846452,-9.1896186440678,421.515263363585,567.5359789174667,-437.8089457567804,-355.5045202682998,2.0760204735567243,1.0,0,Risco
GFSA3.SA,GAFISA      ON      NM,2026-03-31,4728597000.0,3195360000.0,1533210000.0,27406000.0,692110000.0,930254000.0,99931000.0,15678000.0,-45644000.0,-10454000.0,0.014932662364675053,-0.24703856260901436,55.27478753541077,-8.928441236512107,-90.49873126297099,-97.32009187670474,-45.675516106113214,-10.461218240586003,2.0840980687577044,0.0,0,Risco
GGBR4.SA,GERDAU      PN  ED  N1,2025-03-31,85576170000.0,29356720000.0,56017077000.0,6479544000.0,12251325000.0,2723699000.0,17375336000.0,1946553000.0,749493000.0,2210794000.0,,,,,,,4.313545361079636,12.723748191114117,0.5240673303964075,1.0,1,Atenção
GGBR4.SA,GERDAU      PN  ED  N1,2025-06-30,86854070000.0,31729863000.0,54922968000.0,8500933000.0,15536929000.0,2963650000.0,17525750000.0,2030547000.0,856286000.0,2401577000.0,1.493289545442389,-1.953170459072684,31.19646999850607,0.8656753457890076,14.24869878704671,8.629614518584727,4.885873643068057,13.703133960030241,0.577715738158943,2.0,2,Saudável
GGBR4.SA,GERDAU      PN  ED  N1,2025-09-30,87255733000.0,32517697000.0,54539163000.0,9389572000.0,15328677000.0,3697040000.0,17983143000.0,2142092000.0,1079395000.0,2731887000.0,0.4624573148961142,-0.6988060077161129,10.453429053022777,2.6098341012510184,26.055430078268248,13.75387922186131,6.002260005383931,15.191376724302309,0.5962265500847529,3.0,2,Saudável
GGBR4.SA,GERDAU      PN  ED  N1,2025-12-31,81688175000.0,27889686000.0,53585393000.0,5929170000.0,13240247000.0,1328376000.0,16974303000.0,1848301000.0,-1298154000.0,220923000.0,-6.380736037138101,-1.7487800463677816,-36.85367128554954,-5.609920357081077,-220.2668161331116,-91.91317210411705,-7.64776026444208,1.301514412697829,0.5204718009626242,2.0,0,Risco
GGBR4.SA,GERDAU      PN  ED  N1,2026-03-31,81047539000.0,28075550000.0,52772453000.0,5275885000.0,12924566000.0,1382803000.0,16715661000.0,2293867000.0,1002050000.0,2698116000.0,-0.7842457001885572,-1.5170925404988655,-11.018152625072307,-1.5237267768815066,-177.1903795697583,1121.2924865224534,5.994677685794178,16.14124622412479,0.5320114643903325,2.0,1,Atenção
GGPS3.SA,GPS         ON      NM,2025-03-31,14482162000.0,10796779000.0,3670497000.0,1473387000.0,4504377000.0,636110000.0,4104087000.0,610254000.0,145997000.0,520490000.0,,,,,,,3.5573563620849167,12.682236024723647,2.941503289609009,1.0,1,Atenção
GGPS3.SA,GPS         ON      NM,2025-06-30,14217072000.0,10463186000.0,3737484000.0,2699316000.0,4287165000.0,731239000.0,4298372000.0,609114000.0,121699000.0,584015000.0,-1.830458739516927,1.8250117082237116,83.2048199149307,4.733939607030746,-16.642807728925934,12.204845434110156,2.8312812385712545,13.586888245130949,2.7995266334250526,2.0,1,Atenção
GGPS3.SA,GPS         ON      NM,2025-09-30,14372185000.0,10458592000.0,3896679000.0,2777146000.0,4099884000.0,794913000.0,4462324000.0,658124000.0,154260000.0,640890000.0,1.0910333717097265,4.259416227601243,2.883323034427976,3.814281313948631,26.755355426092244,9.738619727233043,3.4569430637488447,14.362247116076734,2.6839757650039946,3.0,1,Atenção
GGPS3.SA,GPS         ON      NM,2025-12-31,15621244000.0,11645303000.0,3950638000.0,3892614000.0,6010271000.0,246801000.0,4418376000.0,650780000.0,262066000.0,749690000.0,8.690807973874538,1.3847432647133617,40.16598335125341,-0.9848679746248812,69.885906910411,16.976392204590486,5.931274296257268,16.96754644692982,2.947701864863346,3.0,2,Saudável
GGPS3.SA,GPS         ON      NM,2026-03-31,15631414000.0,11480667000.0,4122178000.0,3766023000.0,5962961000.0,217085000.0,4483884000.0,670499000.0,122592000.0,547248000.0,0.0651036498757751,4.342083481199754,-3.2520820199485434,1.482626195688197,-53.22094434226492,-27.003428083607893,2.7340582405789267,12.204776037917126,2.78509734417097,3.0,1,Atenção
GMAT3.SA,GRUPO MATEUSON      NM,2025-03-31,20115820000.0,9986080000.0,10013577000.0,1520551000.0,1937353000.0,362818000.0,8331305000.0,1852643000.0,272263000.0,557682000.0,,,,,,,3.267951419375476,6.693813274150928,0.9972540282059048,1.0,1,Atenção
GMAT3.SA,GRUPO MATEUSON      NM,2025-06-30,20393545000.0,10054298000.0,10217395000.0,1027777000.0,1903151000.0,476450000.0,8779636000.0,2023065000.0,343597000.0,670093000.0,1.380629772984654,2.03541651499759,-32.40759435231044,5.381281803991089,26.20040181736043,20.156827726195225,3.9135677151080066,7.632355145475279,0.9840373206673521,2.0,1,Atenção
GMAT3.SA,GRUPO MATEUSON      NM,2025-09-30,23696093000.0,12444695000.0,10193327000.0,1182893000.0,2241307000.0,809856000.0,10763538000.0,2292774000.0,850546000.0,789094000.0,16.194084942073573,-0.23555906373395885,15.092378988827338,22.59663156878029,147.54174221544426,17.7588782452585,7.902104308081599,7.3311767933554925,1.2208668474973872,3.0,2,Saudável
GMAT3.SA,GRUPO MATEUSON      NM,2025-12-31,24352014000.0,12884198000.0,10383957000.0,1801712000.0,1775192000.0,1466887000.0,10549924000.0,2374706000.0,324265000.0,186942000.0,2.7680554764871967,1.8701450468527003,52.31403009401527,-1.9846076633909804,-61.87566574882487,-76.3092863461134,3.073624037481218,1.7719748502453665,1.2407792135502873,3.0,2,Saudável
GMAT3.SA,GRUPO MATEUSON      NM,2026-03-31,24737405000.0,12739833000.0,10935672000.0,1984238000.0,1300911000.0,1799751000.0,9402270000.0,2150512000.0,212881000.0,521825000.0,1.5825836828116113,5.3131479646920665,10.130697913984044,-10.878315331939836,-34.34968312953911,179.13737950808272,2.264144722497865,5.549989523806485,1.1649794361059842,3.0,2,Saudável
GOAU4.SA,GERDAU MET  PN  ED  N1,2024-09-30,82103769000.0,26327791000.0,18902252000.0,8287186000.0,10719454000.0,2235461000.0,17378032000.0,2576615000.0,458271000.0,2811615000.0,,,,,,,2.6370707569188503,16.179133517535245,1.3928388532752605,1.0,1,Atenção
GOAU4.SA,GERDAU MET  PN  ED  N1,2024-12-31,86948529000.0,28694815000.0,20035526000.0,7861818000.0,12901447000.0,1165764000.0,16822544000.0,2020010000.0,109797000.0,1419629000.0,5.900776613555947,5.995444352344892,-5.1328400255526985,-3.1964954374580468,-76.04103248950949,-49.50841420322484,0.6526777400611941,8.438848488076477,1.432196738932634,2.0,1,Atenção
GOAU4.SA,GERDAU MET  PN  ED  N1,2025-03-31,85631889000.0,29359642000.0,19459892000.0,6497048000.0,12251325000.0,2723699000.0,17375336000.0,1946553000.0,257764000.0,2208896000.0,-1.5142751868752136,-2.873066571848426,-17.3594707992477,3.286019046821931,134.76415566909844,55.59670871755931,1.4835051247354296,12.712824661347554,1.5087258449327468,3.0,1,Atenção
GOAU4.SA,GERDAU MET  PN  ED  N1,2025-06-30,86914266000.0,31741609000.0,19373882000.0,8514872000.0,15536929000.0,2963650000.0,17525750000.0,2030547000.0,299529000.0,2399810000.0,1.4975460835624066,-0.44198600896654394,31.05755106011223,0.8656753457890076,16.20280566719945,8.642960103146557,1.7090794973110994,13.693051652568364,1.6383711328478205,3.0,2,Saudável
GOAU4.SA,GERDAU MET  PN  ED  N1,2025-12-31,81758415000.0,27899668000.0,19131267000.0,5958028000.0,13240247000.0,1328376000.0,16974303000.0,1848301000.0,-463101000.0,137159000.0,-5.932111306100197,-1.2522787121342027,-30.027979281426664,-3.146495870362176,-254.60973728754146,-94.28458919664473,-2.728247516260314,0.8080390694098013,1.4583282957683879,2.0,0,Risco
GRND3.SA,GRENDENE    ON  EDJ NM,2024-12-31,4500059000.0,459113000.0,4040946000.0,76109000.0,12310000.0,65488000.0,657760000.0,235550000.0,330383000.0,372064000.0,,,,,,,50.2285027973729,56.56531257601557,0.11361522772142958,1.0,1,Atenção
GRND3.SA,GRENDENE    ON  EDJ NM,2025-03-31,4678426000.0,743688000.0,3934738000.0,76363000.0,12817000.0,185052000.0,527452000.0,227142000.0,113364000.0,165473000.0,3.9636591431356782,-2.6282954535893355,0.3337318845340276,-19.810873266845054,-65.68709649104221,-55.525662251655625,21.492761426632185,31.37214381593017,0.18900572287151013,2.0,2,Saudável
GRND3.SA,GRENDENE    ON  EDJ NM,2025-06-30,4456298000.0,436826000.0,4019472000.0,80114000.0,12798000.0,72902000.0,555276000.0,233147000.0,143575000.0,182201000.0,-4.747921630052499,2.1534851875779193,4.912064743396671,5.275171958775404,26.64955365018877,10.109202105479454,25.856510996333355,32.81269134628545,0.10867745813380464,3.0,2,Saudável
GRND3.SA,GRENDENE    ON  EDJ NM,2025-12-31,4501382000.0,1347424000.0,3153958000.0,70158000.0,13433000.0,56916000.0,516008000.0,129810000.0,249384000.0,273649000.0,1.0116917674715564,-21.533027223476118,-12.427291110168015,-7.0717985290198015,73.6959777119972,50.19072343181432,48.32948326382537,53.031929737523456,0.4272168494317299,3.0,2,Saudável
GRND3.SA,GRENDENE    ON  EDJ NM,2026-03-31,4106725000.0,932907000.0,3173818000.0,53820000.0,13719000.0,136968000.0,495680000.0,191910000.0,102138000.0,145989000.0,-8.76746297026113,0.6296849862934106,-23.287436928076634,-3.939473806607652,-59.043884130497545,-46.65100183081247,20.605632666236282,29.452267591994836,0.29393840478565564,3.0,2,Saudável
HBOR3.SA,HELBOR      ON      NM,2025-03-31,6384577000.0,3598379000.0,1459721000.0,92846000.0,1166360000.0,554014000.0,299248000.0,94338000.0,7571000.0,62082000.0,,,,,,,2.5300085547773086,20.746003314976207,2.4651142238825092,1.0,1,Atenção
HBOR3.SA,HELBOR      ON      NM,2025-06-30,6462804000.0,3643100000.0,1461366000.0,76446000.0,1215945000.0,524430000.0,285556000.0,91359000.0,1645000.0,44003000.0,1.2252495349339476,0.11269276800156547,-17.663658100510528,-4.575469176068014,-78.27235503896446,-29.1211623336877,0.5760691423048369,15.409586911148775,2.4929415355222444,2.0,1,Atenção
HBOR3.SA,HELBOR      ON      NM,2025-09-30,6584084000.0,3780538000.0,1461831000.0,191247000.0,1272425000.0,582871000.0,232630000.0,70671000.0,465000.0,38378000.0,1.8765848384076023,0.03181954417990074,150.1726709049525,-18.5343680398941,-71.73252279635258,-12.783219325955052,0.1998882345355285,16.497442290332287,2.586166253144173,3.0,2,Saudável
HBOR3.SA,HELBOR      ON      NM,2025-12-31,6568047000.0,3781304000.0,1445736000.0,110290000.0,1329714000.0,535097000.0,311028000.0,93659000.0,1579000.0,49534000.0,-0.2435722265997864,-1.1010164649675636,-42.33112153393256,33.70072647551907,239.56989247311827,29.068737297409974,0.5076713350566509,15.92589734686266,2.615487198215995,3.0,1,Atenção
HBOR3.SA,HELBOR      ON      NM,2026-03-31,6663832000.0,3837804000.0,1447666000.0,150049000.0,1439102000.0,517744000.0,346649000.0,99699000.0,1930000.0,47170000.0,1.4583482730863517,0.13349601863688054,36.04950584821833,11.452666640945509,22.229259024699168,-4.772479509024108,0.5567591425332252,13.607424224503747,2.6510286212427454,3.0,2,Saudável
HBSA3.SA,HIDROVIAS   ON      NM,2025-03-31,6263774000.0,5313903000.0,949871000.0,396378000.0,3437397000.0,169981000.0,481604000.0,188488000.0,-1588000.0,223491000.0,,,,,,,-0.3297314806355429,46.405553110024,5.594341757986085,0.0,0,Risco
HBSA3.SA,HIDROVIAS   ON      NM,2025-06-30,6876136000.0,4673086000.0,2203050000.0,1094499000.0,3320673000.0,187021000.0,622435000.0,284323000.0,80975000.0,316160000.0,9.776246716436443,131.93149385548142,176.12506244039778,29.242074401375405,-5199.181360201512,41.46430952476834,13.009390538771118,50.794058817386556,2.1211892603436144,1.0,1,Atenção
HBSA3.SA,HIDROVIAS   ON      NM,2025-09-30,6901095000.0,4627655000.0,2273440000.0,1132631000.0,3290677000.0,194077000.0,650901000.0,299354000.0,116322000.0,433856000.0,0.3629800225010138,3.1951158621002618,3.4839684641100543,4.573328941977883,43.65174436554493,37.226720647773284,17.87092046255882,66.65468327748766,2.0355298578365826,2.0,1,Atenção
HBSA3.SA,HIDROVIAS   ON      NM,2025-12-31,6487308000.0,4325256000.0,2162052000.0,1083247000.0,3413938000.0,90400000.0,486159000.0,135899000.0,-361378000.0,67328000.0,-5.995961510455949,-4.89953550566542,-4.360113752846251,-25.309839745214713,-410.67038049552104,-84.48148694497714,-74.33329425146917,13.848967107468956,2.000532827147543,2.0,0,Risco
HBSA3.SA,HIDROVIAS   ON      NM,2026-03-31,6188126000.0,4182396000.0,2005730000.0,885053000.0,3377069000.0,114484000.0,445163000.0,117347000.0,-34172000.0,181600000.0,-4.611805081553088,-7.230260881791928,-18.29628884271085,-8.432632122412631,-90.54397334646825,169.72433460076047,-7.676289359178548,40.7940462257645,2.0852238337164026,1.0,0,Risco
HYPE3.SA,HYPERA      ON      NM,2024-12-31,24559083000.0,12457264000.0,12096281000.0,1739327000.0,7988364000.0,1409003000.0,1510991000.0,786440000.0,79558000.0,141904000.0,,,,,,,5.265286159877855,9.39145236470634,1.0298424780310576,1.0,1,Atenção
HYPE3.SA,HYPERA      ON      NM,2025-03-31,24330107000.0,12587474000.0,11738290000.0,1740114000.0,7422219000.0,1890119000.0,1080906000.0,510263000.0,-139947000.0,-105509000.0,-0.9323475147667404,-2.9595129279817445,0.04524738591420441,-28.46376980405575,-275.905628598004,-174.35237907317625,-12.94719429811658,-9.761163320399739,1.0723430755246293,1.0,0,Risco
HYPE3.SA,HYPERA      ON      NM,2025-06-30,24237607000.0,12243222000.0,11991948000.0,1203615000.0,7305745000.0,1555912000.0,2153937000.0,1295086000.0,426689000.0,765915000.0,-0.38018739498351106,2.1609450780309514,-30.83125588323523,99.27144451043846,-404.8932810278177,-825.9238548370281,19.80972516837772,35.55883946466401,1.0209535598386517,2.0,2,Saudável
HYPE3.SA,HYPERA      ON      NM,2025-12-31,25158004000.0,12633630000.0,12522029000.0,1645541000.0,8007541000.0,1329908000.0,2237067000.0,1378122000.0,450989000.0,790028000.0,3.797392209552708,4.4203076931287555,36.71655803558447,3.8594443570076464,5.695014401589926,3.1482605772181094,20.159834283014323,35.315348176876235,1.0089123735458527,2.0,2,Saudável
HYPE3.SA,HYPERA      ON      NM,2026-03-31,26001025000.0,11878077000.0,14122948000.0,2310906000.0,7921281000.0,690695000.0,2017778000.0,1210563000.0,347378000.0,642418000.0,3.3509057395809227,12.784821054159835,40.434422478686336,-9.802522678131675,-22.974174536407766,-18.68414790361861,17.215868148032143,31.83789296939505,0.8410479879979732,3.0,2,Saudável
INTB3.SA,INTELBRAS   ON      NM,2024-12-31,5569521000.0,2602985000.0,2941909000.0,887969000.0,712397000.0,218100000.0,1287676000.0,373353000.0,126695000.0,160141000.0,,,,,,,9.839043361839469,12.436435873620383,0.8847945330735927,1.0,1,Atenção
INTB3.SA,INTELBRAS   ON      NM,2025-03-31,5116506000.0,2151500000.0,2941251000.0,647928000.0,729007000.0,240234000.0,921267000.0,271216000.0,61438000.0,105286000.0,-8.133823357520331,-0.022366429417086664,-27.032587849350598,-28.45506167700571,-51.50716287146297,-34.25418849638756,6.668859299204248,11.428391552069053,0.731491464006302,2.0,1,Atenção
INTB3.SA,INTELBRAS   ON      NM,2025-06-30,5211775000.0,2111926000.0,3076452000.0,825649000.0,678041000.0,299439000.0,1246448000.0,365681000.0,136547000.0,190617000.0,1.8619933212234985,4.596717519178073,27.42912792779444,35.29715055461664,122.25170090172206,81.04686283076572,10.954889413758135,15.292816066133524,0.6864810502487931,3.0,2,Saudável
INTB3.SA,INTELBRAS   ON      NM,2025-12-31,5325682000.0,2311511000.0,2991500000.0,1070774000.0,620762000.0,261076000.0,1167975000.0,358592000.0,136728000.0,204813000.0,2.185570175228202,-2.7613627646392636,29.68876604949562,-6.295729946215167,0.13255509092107154,7.4473945136058095,11.706414948950105,17.535734925833175,0.7726929633962895,3.0,2,Saudável
INTB3.SA,INTELBRAS   ON      NM,2026-03-31,5404258000.0,2238468000.0,3143674000.0,1303137000.0,671130000.0,298825000.0,1110638000.0,341035000.0,153527000.0,203399000.0,1.4754166696396842,5.086879491893703,21.700470874339505,-4.909094800830493,12.286437306184549,-0.6903858641785443,13.823315967939148,18.313707976856545,0.7120547486794114,3.0,2,Saudável
ISAE4.SA,ISA ENERGIA PN      N1,2024-12-31,43304632000.0,23233350000.0,19714581000.0,2914747000.0,12044325000.0,1203990000.0,2520070000.0,1061039000.0,1211699000.0,1137669000.0,,,,,,,48.08195804084807,45.14434122861666,1.1784856092046796,1.0,1,Atenção
ISAE4.SA,ISA ENERGIA PN      N1,2025-03-31,44691886000.0,23832679000.0,20414909000.0,783780000.0,13595563000.0,1333850000.0,2412040000.0,1165665000.0,713235000.0,1196730000.0,3.2034771707562415,3.5523351979938056,-73.10984452509943,-4.2867856845246415,-41.1376092577447,5.191404529788546,29.569783254009053,49.61484884164442,1.1674153923487975,2.0,1,Atenção
ISAE4.SA,ISA ENERGIA PN      N1,2025-06-30,43946662000.0,22795955000.0,20601977000.0,653574000.0,13727360000.0,348866000.0,1432874000.0,188532000.0,215173000.0,390104000.0,-1.6674704665629925,0.9163303152612601,-16.612569853785498,-40.59493209067843,-69.83140199233071,-67.40250515989405,15.016882154327597,27.225282892982918,1.106493566127173,3.0,2,Saudável
ISAE4.SA,ISA ENERGIA PN      N1,2025-12-31,47201372000.0,25764361000.0,21151467000.0,1356062000.0,15365630000.0,604760000.0,3007268000.0,1130480000.0,734670000.0,1216303000.0,7.406045992753674,2.6671712137140924,107.48407984405746,109.87665349500375,241.432242892928,211.7894202571622,24.42981470224802,40.44544749586668,1.2180886082275049,3.0,2,Saudável
ISAE4.SA,ISA ENERGIA PN      N1,2026-03-31,47938943000.0,26123226000.0,21426537000.0,639620000.0,15855349000.0,408552000.0,2510755000.0,1153776000.0,609060000.0,1140369000.0,1.5626050022444327,1.3004771725762643,-52.83254010509844,-16.510434055095857,-17.097472334517537,-6.243016748293806,24.258041903730152,45.41936588795004,1.2191996308129494,3.0,2,Saudável
ITSA4.SA,ITAUSA      PN      N1,2025-03-31,110639000000.0,20198000000.0,85938000000.0,5536000000.0,9744000000.0,1122000000.0,1903000000.0,446000000.0,3914000000.0,4537000000.0,,,,,,,205.67524960588543,238.41303205465056,0.2350299052805511,1.0,1,Atenção
ITSA4.SA,ITAUSA      PN      N1,2025-06-30,114124000000.0,20072000000.0,89574000000.0,5146000000.0,9347000000.0,2145000000.0,2121000000.0,486000000.0,4066000000.0,4834000000.0,3.149883856506297,4.230957201703545,-7.044797687861271,11.455596426694692,3.8834951456310662,6.546175887150096,191.7020273455917,227.91136256482793,0.22408288119320338,2.0,2,Saudável
ITSA4.SA,ITAUSA      PN      N1,2025-09-30,113421000000.0,16565000000.0,92412000000.0,3613000000.0,7789000000.0,1167000000.0,2128000000.0,491000000.0,4207000000.0,4820000000.0,-0.615996635238858,3.16833009578672,-29.790128254955306,0.3300330033003229,3.467781603541553,-0.2896152254861395,197.69736842105263,226.50375939849624,0.17925161234471715,3.0,2,Saudável
ITSA4.SA,ITAUSA      PN      N1,2025-12-31,111187000000.0,17808000000.0,88755000000.0,4039000000.0,10091000000.0,752000000.0,2097000000.0,587000000.0,4300000000.0,4951000000.0,-1.9696528861498308,-3.9572782755486258,11.790755604760594,-1.4567669172932285,2.210601378654631,2.7178423236514426,205.05484024797332,236.09918931807346,0.20064221733986817,3.0,2,Saudável
ITSA4.SA,ITAUSA      PN      N1,2026-03-31,114503000000.0,19545000000.0,90196000000.0,5031000000.0,10020000000.0,1263000000.0,2019000000.0,554000000.0,4410000000.0,5171000000.0,2.98236304603956,1.6235705030702485,24.560534785838083,-3.719599427753939,2.55813953488373,4.443546758230665,218.42496285289747,256.1168895492818,0.21669475364761187,3.0,2,Saudável
JALL3.SA,JALLESMACHADON      NM,2024-12-31,7349243000.0,5332211000.0,2017032000.0,1175276000.0,2745412000.0,408622000.0,740385000.0,191665000.0,-73483000.0,231486000.0,,,,,,,-9.92497146754729,31.26562531655828,2.6435926648660013,0.0,0,Risco
JALL3.SA,JALLESMACHADON      NM,2025-03-31,7137606000.0,5134436000.0,2003170000.0,1237342000.0,2401837000.0,753722000.0,653590000.0,60954000.0,-13862000.0,567866000.0,-2.879711556686859,-0.6872474011319629,5.28097229927269,-11.722954949114317,-81.13577289985439,145.3133234839256,-2.120901482580823,86.88413225416546,2.5631553986930715,0.0,0,Risco
JALL3.SA,JALLESMACHADON      NM,2025-06-30,7445998000.0,5456791000.0,1989207000.0,1504948000.0,2800322000.0,730242000.0,505096000.0,-103078000.0,-13963000.0,355876000.0,4.3206643796253275,-0.6970451833843372,21.62748860056476,-22.719747854159333,0.7286105901024298,-37.33099005751357,-2.764424980597748,70.45710122432172,2.7431991743443493,0.0,0,Risco
JALL3.SA,JALLESMACHADON      NM,2025-09-30,7446329000.0,5438204000.0,2008125000.0,1485735000.0,2771545000.0,719072000.0,640689000.0,150185000.0,18918000.0,438183000.0,0.004445340973768808,0.9510322455129172,-1.2766554060339663,26.844995802778083,-235.48664327150325,23.12799964032415,2.9527586707435276,68.39246498691253,2.708100342359166,1.0,1,Atenção
JALL3.SA,JALLESMACHADON      NM,2025-12-31,7958291000.0,5894752000.0,2063539000.0,2058674000.0,3345154000.0,704689000.0,515327000.0,56485000.0,55414000.0,465363000.0,6.875361000031033,2.75948957360721,38.56266427054622,-19.566747673208063,192.9167988159425,6.202887834534887,10.753172257615068,90.30440865702748,2.856622530516748,2.0,2,Saudável
JHSF3.SA,JHSF PART   ON      NM,2025-03-31,14554070000.0,8385631000.0,5753278000.0,1497064000.0,4262529000.0,890027000.0,403286000.0,250361000.0,348120000.0,605622000.0,,,,,,,86.32087401992631,150.1718383479714,1.457539684333001,1.0,1,Atenção
JHSF3.SA,JHSF PART   ON      NM,2025-06-30,15473499000.0,9060037000.0,5988659000.0,1585171000.0,4961017000.0,625422000.0,496094000.0,309196000.0,236125000.0,416860000.0,6.317332539969911,4.091250240297795,5.885319532097499,23.012948627028962,-32.171377685855454,-31.16828648893204,47.596826407898504,84.02843009590924,1.5128657350502006,2.0,1,Atenção
JHSF3.SA,JHSF PART   ON      NM,2025-09-30,15658342000.0,8940157000.0,6287795000.0,1533355000.0,5137193000.0,593667000.0,516706000.0,329101000.0,298871000.0,485966000.0,1.1945779038083026,4.995041460867955,-3.2687956062784407,4.154857748733098,26.57321334039173,16.57774792496283,57.84159657522847,94.05077548934985,1.421827047478488,3.0,2,Saudável
JHSF3.SA,JHSF PART   ON      NM,2025-12-31,18583090000.0,11446356000.0,6738754000.0,3661186000.0,4962964000.0,894572000.0,2063056000.0,1318503000.0,1010720000.0,1189391000.0,18.678529310446777,7.171973640998153,138.76962608137057,299.27076519335947,238.17934828069633,144.74778070893848,48.991399167060905,57.65190086938987,1.6985864152334393,3.0,2,Saudável
JHSF3.SA,JHSF PART   ON      NM,2026-03-31,18159922000.0,10697980000.0,7062096000.0,2518502000.0,4554231000.0,847432000.0,537661000.0,327288000.0,369687000.0,591176000.0,-2.2771670373441633,4.79824608525552,-31.21076066607924,-73.9386133968249,-63.42340113978155,-50.295907737657345,68.75838121046533,109.95329770989525,1.5148448845781761,3.0,2,Saudável
JSLG3.SA,JSL         ON      NM,2025-03-31,12583655000.0,10792481000.0,1791174000.0,326988000.0,5937136000.0,1657900000.0,2319934000.0,374057000.0,31892000.0,472679000.0,,,,,,,1.3746942800958994,20.374674451945616,6.02536716142597,1.0,1,Atenção
JSLG3.SA,JSL         ON      NM,2025-06-30,12228958000.0,10409664000.0,1819294000.0,193394000.0,6240001000.0,1019041000.0,2381759000.0,377992000.0,21400000.0,541874000.0,-2.818712051466765,1.5699200636007493,-40.85593355107833,2.6649465027884345,-32.898532547347294,14.638898702925252,0.8984956076580376,22.75100041607904,5.7218151656631635,2.0,1,Atenção
JSLG3.SA,JSL         ON      NM,2025-09-30,12459067000.0,10622901000.0,1836166000.0,284480000.0,6359015000.0,1168243000.0,2484893000.0,398479000.0,18103000.0,574085000.0,1.8816729929074905,0.9273927138769178,47.09866903833624,4.330161028046908,-15.406542056074768,5.944370831595536,0.7285223146429243,23.103006849791925,5.78537071266977,3.0,2,Saudável
JSLG3.SA,JSL         ON      NM,2025-12-31,12133203000.0,10808647000.0,1324556000.0,241424000.0,5728351000.0,1526691000.0,2454022000.0,371505000.0,10309000.0,522434000.0,-2.6154767447674865,-27.86294921047443,-15.134983127109114,-1.2423472559985438,-43.05363751864332,-8.997099732617997,0.42008588350063686,21.28888820067628,8.160203872089967,3.0,1,Atenção
JSLG3.SA,JSL         ON      NM,2026-03-31,12023867000.0,10857579000.0,1166288000.0,309865000.0,5605450000.0,1459925000.0,2372712000.0,350015000.0,-144908000.0,313358000.0,-0.9011305588474849,-11.948758678379779,28.348879978792496,-3.313336229259556,-1505.6455524299156,-40.01960056198486,-6.1072730276578024,13.206744012758396,9.309517889234906,2.0,0,Risco
KEPL3.SA,KEPLER WEBERON      NM,2024-12-31,1594030000.0,853249000.0,740781000.0,389817000.0,221296000.0,96615000.0,460100000.0,130842000.0,50382000.0,90198000.0,,,,,,,10.950228211258423,19.603999130623777,1.151823548390145,1.0,1,Atenção
KEPL3.SA,KEPLER WEBERON      NM,2025-03-31,1515404000.0,801245000.0,714159000.0,356824000.0,210003000.0,99130000.0,357230000.0,85128000.0,25552000.0,51947000.0,-4.93252950069949,-3.5937746783462288,-8.463715025255436,-22.358183003694855,-49.28347425667897,-42.407813920486035,7.152814713209976,14.541611846709404,1.1219420325165685,2.0,1,Atenção
KEPL3.SA,KEPLER WEBERON      NM,2025-06-30,1526025000.0,797142000.0,728883000.0,358239000.0,196134000.0,133139000.0,311073000.0,72383000.0,14396000.0,46415000.0,0.7008692071553302,2.061725750148069,0.39655404344998146,-12.920807323013184,-43.65998747651847,-10.649315648641888,4.627852626232428,14.920934957389424,1.0936487749062607,3.0,2,Saudável
KEPL3.SA,KEPLER WEBERON      NM,2025-12-31,1512406000.0,738175000.0,774231000.0,316431000.0,162537000.0,137087000.0,398662000.0,99280000.0,64752000.0,79840000.0,-0.8924493373306475,6.221574656014761,-11.67042114342659,28.157056382263978,349.79160878021673,72.01335775072712,16.242330595843097,20.026990282494946,0.9534299194943111,3.0,2,Saudável
KEPL3.SA,KEPLER WEBERON      NM,2026-03-31,1516654000.0,724804000.0,791850000.0,375759000.0,159293000.0,142838000.0,318059000.0,66308000.0,17128000.0,35594000.0,0.28087696028711306,2.2756774141050817,18.749111180636536,-20.218380482714682,-73.54830738818879,-55.418336673346694,5.3851643877393816,11.191005442386476,0.9153299235966408,3.0,2,Saudável
KLBN3.SA,KLABIN S/A  ON      N2,2024-12-31,59390832000.0,50753632000.0,6651853000.0,6736171000.0,37891188000.0,2126213000.0,5268219000.0,2131303000.0,397698000.0,2310848000.0,,,,,,,7.54900280341421,43.8639320043453,7.629999039365422,1.0,1,Atenção
KLBN3.SA,KLABIN S/A  ON      N2,2025-03-31,57473164000.0,46164906000.0,8626516000.0,5671194000.0,34571422000.0,1872163000.0,4858534000.0,1634536000.0,401242000.0,2864664000.0,-3.228895665243414,29.68590857314495,-15.809827274277922,-7.776537004251338,0.891128444196343,23.96592073559143,8.258499374502678,58.96148920641494,5.351512244340589,2.0,1,Atenção
KLBN3.SA,KLABIN S/A  ON      N2,2025-06-30,60335243000.0,46946535000.0,10192494000.0,7302249000.0,34220218000.0,1987558000.0,5247202000.0,2149457000.0,572066000.0,2677726000.0,4.979852857935585,18.153075934711072,28.76034570497852,7.999697027951225,42.57380832515041,-6.525651874006866,10.902305647848129,51.0315021224645,4.605990938037344,3.0,2,Saudável
KLBN3.SA,KLABIN S/A  ON      N2,2025-12-31,63796777000.0,49395676000.0,7885946000.0,10106016000.0,34950377000.0,2022576000.0,5165304000.0,1482261000.0,81253000.0,2232543000.0,5.737167578822877,-22.629868607231952,38.39593801854744,-1.5607937334983446,-85.79656892736153,-16.62541275694377,1.573053589875833,43.22190910738264,6.263760365592156,3.0,2,Saudável
KLBN3.SA,KLABIN S/A  ON      N2,2026-03-31,62090634000.0,46511667000.0,9046011000.0,8095152000.0,31315364000.0,2536232000.0,4945957000.0,504026000.0,-530056000.0,1162758000.0,-2.6743404294546136,14.710536947628094,-19.897692621899665,-4.246545798659673,-752.3525285220238,-47.917778067432515,-10.716955282870433,23.509262211539646,5.141677033114375,2.0,0,Risco
KLBN4.SA,KLABIN S/A  PN      N2,2024-12-31,59390832000.0,50753632000.0,6651853000.0,6736171000.0,37891188000.0,2126213000.0,5268219000.0,2131303000.0,397698000.0,2310848000.0,,,,,,,7.54900280341421,43.8639320043453,7.629999039365422,1.0,1,Atenção
KLBN4.SA,KLABIN S/A  PN      N2,2025-03-31,57473164000.0,46164906000.0,8626516000.0,5671194000.0,34571422000.0,1872163000.0,4858534000.0,1634536000.0,401242000.0,2864664000.0,-3.228895665243414,29.68590857314495,-15.809827274277922,-7.776537004251338,0.891128444196343,23.96592073559143,8.258499374502678,58.96148920641494,5.351512244340589,2.0,1,Atenção
KLBN4.SA,KLABIN S/A  PN      N2,2025-06-30,60335243000.0,46946535000.0,10192494000.0,7302249000.0,34220218000.0,1987558000.0,5247202000.0,2149457000.0,572066000.0,2677726000.0,4.979852857935585,18.153075934711072,28.76034570497852,7.999697027951225,42.57380832515041,-6.525651874006866,10.902305647848129,51.0315021224645,4.605990938037344,3.0,2,Saudável
KLBN4.SA,KLABIN S/A  PN      N2,2025-12-31,63796777000.0,49395676000.0,7885946000.0,10106016000.0,34950377000.0,2022576000.0,5165304000.0,1482261000.0,81253000.0,2232543000.0,5.737167578822877,-22.629868607231952,38.39593801854744,-1.5607937334983446,-85.79656892736153,-16.62541275694377,1.573053589875833,43.22190910738264,6.263760365592156,3.0,2,Saudável
KLBN4.SA,KLABIN S/A  PN      N2,2026-03-31,62090634000.0,46511667000.0,9046011000.0,8095152000.0,31315364000.0,2536232000.0,4945957000.0,504026000.0,-530056000.0,1162758000.0,-2.6743404294546136,14.710536947628094,-19.897692621899665,-4.246545798659673,-752.3525285220238,-47.917778067432515,-10.716955282870433,23.509262211539646,5.141677033114375,2.0,0,Risco
LIGT3.SA,LIGHT S/A   ON  ES  NM,2025-03-31,26840931000.0,21201246000.0,5639685000.0,25852000.0,9171717000.0,860626000.0,3574163000.0,885707000.0,419248000.0,915211000.0,,,,,,,11.729963071074263,25.606302790331608,3.759296130900928,1.0,1,Atenção
LIGT3.SA,LIGHT S/A   ON  ES  NM,2025-06-30,26154614000.0,20565642000.0,5588972000.0,153334000.0,8453779000.0,1246506000.0,3281563000.0,219696000.0,-51444000.0,414517000.0,-2.556979115217728,-0.8992168888865226,493.1223889834442,-8.186532063590835,-112.27054154104492,-54.70804000388981,-1.5676676022980514,12.631694104303346,3.6796824174463567,1.0,0,Risco
LIGT3.SA,LIGHT S/A   ON  ES  NM,2025-09-30,25743932000.0,20121806000.0,5622126000.0,346073000.0,8304595000.0,1294951000.0,3479363000.0,343351000.0,32617000.0,431704000.0,-1.570208606404977,0.5932039022560787,125.6988013095595,6.027615499077732,-163.40292356737422,4.146271443631977,0.9374417098762043,12.407558509991627,3.5790386056804846,2.0,1,Atenção
LIGT3.SA,LIGHT S/A   ON  ES  NM,2025-12-31,25733415000.0,20284720000.0,5448695000.0,110772000.0,8490932000.0,1283804000.0,3984231000.0,386233000.0,-187325000.0,326556000.0,-0.040852345321606975,-3.08479390180868,-67.99172428938402,14.51035721193794,-674.3170739185088,-24.356503530196616,-4.701660119606519,8.196211514844395,3.7228584092154176,1.0,0,Risco
LIGT3.SA,LIGHT S/A   ON  ES  NM,2026-03-31,28283253000.0,19960117000.0,8323136000.0,154745000.0,8530069000.0,1306855000.0,3848272000.0,488842000.0,2821424000.0,405445000.0,9.908665445297494,52.754668778487336,39.69685480085221,-3.4124276428751266,-1606.1652208728149,24.15787797498745,73.31664705613325,10.535767741989131,2.3981486064867856,2.0,2,Saudável
LJQQ3.SA,"QUERO,QUERO ON      NM",2025-03-31,3430223000.0,2894220000.0,536003000.0,169000000.0,302938000.0,276356000.0,671524000.0,222028000.0,-31099000.0,37560000.0,,,,,,,-4.631107748941214,5.593247598000965,5.399633957272627,0.0,0,Risco
LJQQ3.SA,"QUERO,QUERO ON      NM",2025-06-30,3738105000.0,3248315000.0,489790000.0,478816000.0,265556000.0,312815000.0,448762000.0,129040000.0,-46011000.0,15141000.0,8.975568060735405,-8.62178010197704,183.3230769230769,-33.17260440431019,47.95009485835558,-59.688498402555915,-10.252873460765395,3.3739487746288677,6.632056595683864,0.0,0,Risco
LJQQ3.SA,"QUERO,QUERO ON      NM",2025-09-30,3666739000.0,3218587000.0,448152000.0,374058000.0,381380000.0,259982000.0,695354000.0,225523000.0,-42143000.0,34024000.0,-1.9091491544512507,-8.501194389432209,-21.878550424380137,54.94939411090958,-8.40668535784921,124.71435176012152,-6.0606539978198155,4.893047282391414,7.18190926292865,0.0,0,Risco
LJQQ3.SA,"QUERO,QUERO ON      NM",2025-12-31,3771234000.0,3366298000.0,404936000.0,438289000.0,486858000.0,177847000.0,754075000.0,241174000.0,-42688000.0,33338000.0,2.8498074174355015,-9.643156786090435,17.171401226547744,8.444763386706633,1.2932159552001554,-2.0162238419938916,-5.660975367171701,4.421045651957697,8.31316059821799,0.0,0,Risco
LJQQ3.SA,"QUERO,QUERO ON      NM",2026-03-31,3903081000.0,3559763000.0,343318000.0,608058000.0,447828000.0,203963000.0,696429000.0,211485000.0,-61666000.0,16561000.0,3.4961235500104104,-15.216725606021697,38.73448797482939,-7.644597685906573,44.457458770614686,-50.32395464634951,-8.85459967922071,2.3779882802123407,10.368704815943236,0.0,0,Risco
LOGG3.SA,LOG COM PROPON  ED  NM,2025-03-31,6737629000.0,3045292000.0,3672919000.0,92066000.0,1798517000.0,211878000.0,55327000.0,54023000.0,86313000.0,142768000.0,,,,,,,156.00520541507763,258.0439929871491,0.8291203808197241,1.0,1,Atenção
LOGG3.SA,LOG COM PROPON  ED  NM,2025-06-30,7166963000.0,3407219000.0,3740220000.0,280694000.0,2036343000.0,335074000.0,61466000.0,60060000.0,86958000.0,159946000.0,6.372182261742232,1.8323573158024908,204.8834531748963,11.095848319988422,0.7472802474714157,12.032108035414101,141.473334851788,260.21865746916995,0.910967536668966,2.0,2,Saudável
LOGG3.SA,LOG COM PROPON  ED  NM,2025-09-30,7160498000.0,3308675000.0,3832178000.0,592783000.0,1900010000.0,626422000.0,66743000.0,64926000.0,111255000.0,213147000.0,-0.09020557243004657,2.4586254284507225,111.18477772948476,8.58523411316825,27.94107500172498,33.261850874670195,166.6916380744048,319.3548387096774,0.8633928277861832,3.0,2,Saudável
LOGG3.SA,LOG COM PROPON  ED  NM,2025-12-31,6689685000.0,3056969000.0,3606441000.0,19468000.0,1760393000.0,478364000.0,65223000.0,62736000.0,70079000.0,170440000.0,-6.575143237244118,-5.890566669919817,-96.71583024479446,-2.2773923857183576,-37.01047143948587,-20.036406799063556,107.44522637719822,261.31885991138097,0.8476414836676934,3.0,2,Saudável
LOGG3.SA,LOG COM PROPON  ED  NM,2026-03-31,6870568000.0,3102806000.0,3741493000.0,50441000.0,1661038000.0,557552000.0,66076000.0,63629000.0,134035000.0,203480000.0,2.703909077931166,3.7447444724591383,159.0969796589275,1.307820860739306,91.2627177899228,19.385120863647032,202.84974877413887,307.94842302802834,0.8292962194503638,3.0,2,Saudável
LREN3.SA,LOJAS RENNERON      NM,2024-12-31,20364590000.0,9591639000.0,10772951000.0,1926110000.0,13740000.0,1715610000.0,4617217000.0,2772138000.0,487168000.0,942376000.0,,,,,,,10.55111769708896,20.410043539214207,0.8903446233070215,1.0,1,Atenção
LREN3.SA,LOJAS RENNERON      NM,2025-03-31,18457504000.0,8191739000.0,10265765000.0,915570000.0,11011000.0,1201389000.0,3257576000.0,2021470000.0,221033000.0,643725000.0,-9.364715911295052,-4.707957921650252,-52.46533167887608,-29.447197305216545,-54.628998620599056,-31.69127821591382,6.785198564822433,19.760858994540726,0.797966737013754,2.0,1,Atenção
LREN3.SA,LOJAS RENNERON      NM,2025-06-30,18735315000.0,8434824000.0,10300491000.0,833472000.0,329522000.0,1058074000.0,4167566000.0,2603800000.0,404496000.0,908608000.0,1.5051385062682332,0.3382699681903967,-8.966873095448735,27.934574665333976,83.00253808254877,41.14847178531205,9.705809098164252,21.801886280865137,0.8188759157209108,3.0,2,Saudável
LREN3.SA,LOJAS RENNERON      NM,2025-12-31,19626027000.0,9169746000.0,10456281000.0,978066000.0,358788000.0,761324000.0,4840846000.0,2956522000.0,552642000.0,1070915000.0,4.754187479634053,1.5124521733963947,17.348393227366966,16.155233054497508,36.62483683398601,17.863258963161233,11.4162276593802,22.122476112646424,0.8769605560523861,3.0,2,Saudável
LREN3.SA,LOJAS RENNERON      NM,2026-03-31,18872967000.0,8506893000.0,10366074000.0,1013229000.0,377428000.0,742974000.0,3365695000.0,2127535000.0,257251000.0,658571000.0,-3.8370476102983053,-0.8627063484617503,3.595156155106105,-30.47299996736108,-53.45069683447874,-38.5038962009123,7.643324781360166,19.56716220572571,0.8206475276946701,3.0,2,Saudável
LWSA3.SA,LWSA        ON      NM,2025-03-31,3995631000.0,1259157000.0,2736474000.0,399269000.0,,16378000.0,348890000.0,162494000.0,14808000.0,59821000.0,,,,,,,4.244317693255754,17.146091891427098,0.4601384847800491,1.0,1,Atenção
LWSA3.SA,LWSA        ON      NM,2025-06-30,3831464000.0,1077360000.0,2754104000.0,277287000.0,,18251000.0,370776000.0,177193000.0,15808000.0,85348000.0,-4.108662686819676,0.6442597298567332,-30.55133256025386,6.273037347014809,6.753106428957323,42.672305712040924,4.263490625067426,23.01874986514769,0.3911834847195313,2.0,1,Atenção
LWSA3.SA,LWSA        ON      NM,2025-09-30,3601783000.0,1163182000.0,2438601000.0,309310000.0,,18512000.0,387405000.0,182413000.0,-287827000.0,-347588000.0,-5.994601541342948,-11.45574023348428,11.548684215271532,4.484918117677528,-1920.7679655870447,-507.25968974082576,-74.29615002387682,-89.72212542429757,0.47698742024628055,2.0,0,Risco
LWSA3.SA,LWSA        ON      NM,2025-12-31,3638385000.0,1170498000.0,2467887000.0,371931000.0,,18769000.0,381460000.0,196997000.0,31761000.0,84640000.0,1.0162189115779707,1.2009344702146763,20.24538488894636,-1.5345697654908896,-111.03475351513235,-124.35066803226809,8.32616788129817,22.18843391181251,0.4742915700759395,2.0,2,Saudável
LWSA3.SA,LWSA        ON      NM,2026-03-31,3519890000.0,1208594150.0,2311295850.0,288599000.0,,18780000.0,362780000.0,175526000.0,21515000.0,78702000.0,-3.2568021251186963,-6.345150730159044,-22.405231077807443,-4.89697478110418,-32.25968955637417,-7.015595463137991,5.930591543083963,21.694139698991126,0.5229075931581844,2.0,1,Atenção
MATD3.SA,MATER DEI   ON      NM,2024-12-31,4340852000.0,2864427000.0,1448435000.0,622581000.0,1347024000.0,142274000.0,487038000.0,129027000.0,8280000.0,100945000.0,,,,,,,1.7000726842669363,20.72630883011182,1.9776013421382388,1.0,1,Atenção
MATD3.SA,MATER DEI   ON      NM,2025-03-31,4377367000.0,2892350000.0,1454640000.0,616113000.0,1329427000.0,169997000.0,499318000.0,143788000.0,19931000.0,119646000.0,0.8411943093199259,0.4283934039152504,-1.038900962284428,2.5213638360867208,140.71256038647343,18.52592996186042,3.9916446032388175,23.96188400978935,1.988361381510202,2.0,1,Atenção
MATD3.SA,MATER DEI   ON      NM,2025-06-30,4338669000.0,2857637000.0,1451793000.0,613537000.0,1311259000.0,147278000.0,545807000.0,164825000.0,26235000.0,137933000.0,-0.884047419373335,-0.19571852829566305,-0.41810512032695035,9.310499521347126,31.629120465606352,15.284255219564379,4.806644106799656,25.271387138677227,1.9683501711332125,3.0,1,Atenção
MATD3.SA,MATER DEI   ON      NM,2025-09-30,4400937000.0,2908255000.0,1462815000.0,654027000.0,1300903000.0,161478000.0,567857000.0,171120000.0,26865000.0,144468000.0,1.4351866897428733,0.7591991420264455,6.599438990639528,4.039889558030585,2.401372212692965,4.737807486243328,4.730944586401154,25.440912060606806,1.988122216411508,3.0,1,Atenção
MATD3.SA,MATER DEI   ON      NM,2025-12-31,4312889000.0,2835315000.0,1464488000.0,599130000.0,1290122000.0,190703000.0,562303000.0,171684000.0,37480000.0,147574000.0,-2.0006648584153797,0.11436852917150464,-8.393690168754498,-0.9780631391353767,39.51237669830634,2.149957083921694,6.6654454982456075,26.244569209127462,1.9360452253620377,3.0,1,Atenção
MBRF3.SA,MARFRIG     ON      NM,2025-03-31,135354346000.0,115303474000.0,2816466000.0,3855210000.0,51293641000.0,8140838000.0,39479729000.0,4694073000.0,87904000.0,3384622000.0,,,,,,,0.22265603697532982,8.573062900203798,40.939061220692885,1.0,0,Risco
MBRF3.SA,MARFRIG     ON      NM,2025-06-30,137817432000.0,117945959000.0,2834441000.0,4467510000.0,52149846000.0,9710120000.0,38692048000.0,4748003000.0,85223000.0,3101606000.0,1.819731743227515,0.6382111482971853,15.882403293205826,-1.995153006242778,-3.0499180924645097,-8.361820020079048,0.22025972882076442,8.016132927365334,41.61171779550183,2.0,1,Atenção
MBRF3.SA,MARFRIG     ON      NM,2025-09-30,137444659000.0,122528435000.0,12149217000.0,5656167000.0,52723988000.0,12573315000.0,41765532000.0,5147572000.0,94022000.0,3630973000.0,-0.27048319983208335,328.6283256557466,26.606700376719928,7.943451326226003,10.324677610504196,17.067512765967052,0.225118645681324,8.693707050110126,10.085294797187341,3.0,1,Atenção
MBRF3.SA,MARFRIG     ON      NM,2025-12-31,141988425000.0,127671340000.0,11319023000.0,4711133000.0,55069720000.0,16174864000.0,43915298000.0,5527775000.0,91079000.0,2940251000.0,3.3058876445682728,-6.833312797030455,-16.708028599579894,5.147225228688579,-3.1301184829082507,-19.023055252682962,0.2073969758784285,6.6952773495923905,11.279360418297586,3.0,1,Atenção
MBRF3.SA,MARFRIG     ON      NM,2026-03-31,138367491000.0,124333257000.0,11423861000.0,3903571000.0,54132937000.0,14720640000.0,39453054000.0,4770363000.0,111256000.0,3279564000.0,-2.550161395198236,0.9262106809041715,-17.14156658281564,-10.161024069562274,22.15329549072782,11.540273262384737,0.28199591342155667,8.312573216765424,10.883645818169532,3.0,1,Atenção
MDIA3.SA,M.DIASBRANCOON  ED  NM,2025-03-31,12808810000.0,4852626000.0,7956184000.0,2271238000.0,1331345000.0,1091589000.0,2208908000.0,586481000.0,69409000.0,218480000.0,,,,,,,3.1422313650002627,9.890860099198337,0.6099187751313947,1.0,1,Atenção
MDIA3.SA,M.DIASBRANCOON  ED  NM,2025-06-30,12704185000.0,4564019000.0,8140166000.0,2137920000.0,1269902000.0,717543000.0,2723395000.0,772715000.0,216382000.0,488501000.0,-0.8168206101893949,2.312440235168012,-5.869838387698689,23.29146347425968,211.74919679004165,123.59071768582939,7.945303564117581,17.93720705222709,0.5606788608487837,2.0,1,Atenção
MDIA3.SA,M.DIASBRANCOON  ED  NM,2025-09-30,13074971000.0,4768746000.0,8306225000.0,2518490000.0,1280266000.0,703977000.0,2784387000.0,780030000.0,216077000.0,462424000.0,2.9186130397188093,2.0399952531680476,17.800946714563693,2.2395576109965676,-0.1409544231960158,-5.33816716854213,7.760307744577173,16.60774885100383,0.5741171230011226,3.0,2,Saudável
MDIA3.SA,M.DIASBRANCOON  ED  NM,2025-12-31,12559343000.0,4321181000.0,8238162000.0,1888270000.0,1068384000.0,154853000.0,2720857000.0,754370000.0,157950000.0,339288000.0,-3.9436263376798286,-0.8194215783945191,-25.023724533351334,-2.2816512216153884,-26.901058418989532,-26.628375689843086,5.8051562430513615,12.469894595710102,0.5245321711323473,3.0,2,Saudável
MDIA3.SA,M.DIASBRANCOON  ED  NM,2026-03-31,12658779000.0,4297738000.0,8361041000.0,1906164000.0,1338579000.0,186967000.0,2217225000.0,618828000.0,106322000.0,255007000.0,0.7917293125922376,1.4915827098326062,0.9476399031918215,-18.51005032605536,-32.686293130737575,-24.840548442621014,4.79527337099302,11.50117827464511,0.5140194863295132,3.0,2,Saudável
MDNE3.SA,MOURA DUBEUXON      NM,2025-03-31,4210915000.0,2603221000.0,1611721000.0,203854000.0,515906000.0,12605000.0,438973000.0,148413000.0,70198000.0,96996000.0,,,,,,,15.991416328566904,22.096119806912952,1.615180915307302,1.0,1,Atenção
MDNE3.SA,MOURA DUBEUXON      NM,2025-06-30,4576479000.0,2879243000.0,1690841000.0,241887000.0,462802000.0,35504000.0,664934000.0,221301000.0,120552000.0,150636000.0,8.681343603468594,4.909038226839502,18.656979995486967,51.47491986978699,71.7313883586427,55.301249536063345,18.129919661199455,22.654278469742863,1.7028466899016526,2.0,2,Saudável
MDNE3.SA,MOURA DUBEUXON      NM,2025-09-30,5489810000.0,3672574000.0,1811089000.0,355358000.0,774082000.0,34797000.0,548349000.0,226196000.0,117826000.0,152961000.0,19.95706743109713,7.111727241059329,46.9107475804818,-17.53331909633137,-2.261264848364186,1.5434557476300403,21.487410390098276,27.894826105272376,2.0278263519904325,3.0,2,Saudável
MDNE3.SA,MOURA DUBEUXON      NM,2025-12-31,5568082000.0,4051523000.0,1518151000.0,309111000.0,715127000.0,160863000.0,704682000.0,226850000.0,111869000.0,196039000.0,1.4257688335297614,-16.174688267666582,-13.014199764744284,28.509762942943272,-5.055760188752911,28.16273429174756,15.87510394759622,27.81949872424725,2.668722017770301,3.0,2,Saudável
MDNE3.SA,MOURA DUBEUXON      NM,2026-03-31,6167705000.0,4054499000.0,2115672000.0,518863000.0,770746000.0,136531000.0,627832000.0,251226000.0,156108000.0,199114000.0,10.76893264143739,39.358469612047806,67.85653050198796,-10.905628354349906,39.545361091991516,1.5685654385096948,24.864613463474306,31.7145350985614,1.9164119012777028,3.0,2,Saudável
MELK3.SA,MELNICK     ON      NM,2025-03-31,2489037000.0,1262186000.0,1083041000.0,1589000.0,272333000.0,77407000.0,225183000.0,50923000.0,13433000.0,29351000.0,,,,,,,5.9653703876402755,13.034287668252043,1.1654092504346558,1.0,1,Atenção
MELK3.SA,MELNICK     ON      NM,2025-06-30,2596784000.0,1379138000.0,1069819000.0,1707000.0,342614000.0,96415000.0,337970000.0,89401000.0,39192000.0,61927000.0,4.3288629297194126,-1.2208217417438494,7.426054122089365,50.0868182766905,191.75910072210226,110.98770058941771,11.59629552918898,18.323223954788887,1.2891320868296412,2.0,2,Saudável
MELK3.SA,MELNICK     ON      NM,2025-09-30,2692113000.0,1446680000.0,1097545000.0,33839000.0,407773000.0,107467000.0,243569000.0,61402000.0,25048000.0,43293000.0,3.671040795075764,2.591653354445933,1882.366725248975,-27.931769091931237,-36.088997754643806,-30.090267573110275,10.283738899449437,17.77442942246345,1.3181054079787162,3.0,2,Saudável
MELK3.SA,MELNICK     ON      NM,2025-12-31,2740776000.0,1524518000.0,1064288000.0,5571000.0,509018000.0,95459000.0,310561000.0,70661000.0,34390000.0,56232000.0,1.8076135734272691,-3.0301263273943224,-83.53674753982092,27.50432115745436,37.29639092941552,29.887048714572796,11.07350890807281,18.106587755706606,1.4324299437746173,3.0,2,Saudável
MELK3.SA,MELNICK     ON      NM,2026-03-31,2845271000.0,1608070000.0,1077733000.0,11903000.0,365902000.0,336489000.0,320487000.0,77843000.0,25042000.0,46225000.0,3.812606356739834,1.2632858775068367,113.6600251301382,3.1961514807074876,-27.18232044198895,-17.795916915635225,7.813733474368695,14.423361946038375,1.4920857021173148,3.0,2,Saudável
MGLU3.SA,MAGAZ LUIZA ON      NM,2024-12-31,37311858000.0,25992596000.0,11319262000.0,1827197000.0,3179992000.0,1854822000.0,10787293000.0,3244028000.0,294821000.0,678489000.0,,,,,,,2.7330396977258338,6.28970586040446,2.296315431165035,1.0,1,Atenção
MGLU3.SA,MAGAZ LUIZA ON      NM,2025-03-31,35577093000.0,24219196000.0,11357897000.0,1532213000.0,3124972000.0,1905640000.0,9388985000.0,2876988000.0,12768000.0,511258000.0,-4.649366429299773,0.3413208387613942,-16.144072040398495,-12.962547693846826,-95.66923658762435,-24.6475624512704,0.13598914046619523,5.445295737505172,2.1323662294172943,2.0,1,Atenção
MGLU3.SA,MAGAZ LUIZA ON      NM,2025-06-30,36913613000.0,25828530000.0,11085083000.0,1969935000.0,4803947000.0,1836566000.0,9134666000.0,2788479000.0,-24356000.0,482237000.0,3.7566869221158594,-2.401976351784141,28.56796019874521,-2.708695348858259,-290.7581453634085,-5.67639039389115,-0.2666326278377337,5.279196852955543,2.3300258554672078,2.0,0,Risco
MGLU3.SA,MAGAZ LUIZA ON      NM,2025-12-31,37911158000.0,26633128000.0,11278030000.0,1575837000.0,3946177000.0,1452254000.0,11153085000.0,3046419000.0,131606000.0,686625000.0,2.7023770336433772,1.7406004086753413,-20.005634703683118,22.096253984546333,-640.343241911644,42.383309451576714,1.1799963866499719,6.156368394932882,2.361505333821598,2.0,1,Atenção
MGLU3.SA,MAGAZ LUIZA ON      NM,2026-03-31,36712079000.0,25440931000.0,11271148000.0,1287813000.0,3701553000.0,1800216000.0,9205731000.0,2832961000.0,-55220000.0,397944000.0,-3.162865666092285,-0.06102129538581025,-18.277524896293208,-17.460227372067905,-141.95857331732594,-42.043473511742214,-0.5998437277821826,4.32278544745659,2.2571730049148497,1.0,0,Risco
MILS3.SA,MILLS       ON      NM,2025-03-31,3893625000.0,2403485000.0,1487244000.0,520155000.0,1487853000.0,348622000.0,412368000.0,264597000.0,67798000.0,223375000.0,,,,,,,16.44113995266364,54.1688491832538,1.6160663616730004,1.0,1,Atenção
MILS3.SA,MILLS       ON      NM,2025-06-30,3784204000.0,2250707000.0,1530489000.0,305432000.0,1455863000.0,247164000.0,450060000.0,287988000.0,87232000.0,251276000.0,-2.810260361488326,2.9077273130703407,-41.280579827166896,9.140379466883953,28.66456237647128,12.490654728595407,19.38230458161134,55.83166688885927,1.4705803177938555,2.0,1,Atenção
MILS3.SA,MILLS       ON      NM,2025-09-30,4479354000.0,2797586000.0,1678716000.0,650509000.0,1940826000.0,297833000.0,482667000.0,301903000.0,67339000.0,250142000.0,18.369781333141667,9.684943831677328,112.9799759029833,7.245033995467276,-22.80470469552458,-0.45129658224422053,13.951440641270274,51.82496420927885,1.6665034466818687,3.0,2,Saudável
MILS3.SA,MILLS       ON      NM,2025-12-31,4108871000.0,2531064000.0,1574637000.0,434416000.0,1693822000.0,121129000.0,492740000.0,298591000.0,78476000.0,266237000.0,-8.270902456023787,-6.199917079482176,-33.219063840777,2.086946072551066,16.538707138508137,6.434345291874211,15.926452084263506,54.03194382432927,1.6073952282335549,3.0,2,Saudável
MILS3.SA,MILLS       ON      NM,2026-03-31,4332317000.0,2551320000.0,1777787000.0,540961000.0,1687246000.0,125400000.0,461191000.0,279417000.0,196975000.0,315603000.0,5.438136169278618,12.901386160746897,24.52603034879011,-6.402768194179487,151.000305825985,18.542126000518344,42.71007023120573,68.43216801715558,1.4351100553665879,3.0,2,Saudável
MLAS3.SA,MULTILASER  ON      NM,2025-03-31,5278198000.0,2324767000.0,2953431000.0,472888000.0,240658000.0,492194000.0,763811000.0,181208000.0,64641000.0,93260000.0,,,,,,,8.462957459371493,12.209826776519323,0.7871411250169718,1.0,1,Atenção
MLAS3.SA,MULTILASER  ON      NM,2025-06-30,5346369000.0,2375149000.0,2971220000.0,498873000.0,217111000.0,483046000.0,929659000.0,231088000.0,19774000.0,53402000.0,1.291558217406763,0.6023164245245516,5.49495863714029,21.713224868455683,-69.40950789746445,-42.73858031310315,2.1270164651770167,5.744256765114951,0.7993851010695943,2.0,1,Atenção
MLAS3.SA,MULTILASER  ON      NM,2025-09-30,5284916000.0,2248910000.0,3036006000.0,470337000.0,158567000.0,388583000.0,1069468000.0,268138000.0,65614000.0,103667000.0,-1.1494343170102894,2.1804511278195493,-5.720093089824463,15.038740011122353,231.81956103974915,94.1256881764728,6.135199931180737,9.693324157431546,0.7407462304092943,3.0,2,Saudável
MLAS3.SA,MULTILASER  ON      NM,2025-12-31,5253490000.0,2285392000.0,2968098000.0,656538000.0,147138000.0,397197000.0,1160824000.0,290110000.0,-28129000.0,3920000.0,-0.5946357520157375,-2.2367544728172484,39.588847996223976,8.542191070700579,-142.87042399487916,-96.21866167632902,-2.4231924908513265,0.3376911573158377,0.7699853576263317,2.0,0,Risco
MLAS3.SA,MULTILASER  ON      NM,2026-03-31,5257481000.0,2168239000.0,3089242000.0,624618000.0,170644000.0,313880000.0,872743000.0,264987000.0,123448000.0,148210000.0,0.075968546623284,4.081536391318608,-4.861866335231168,-24.816940380281594,-538.8638060364748,3680.8673469387754,14.144828431737636,16.98208980192336,0.7018676426126539,2.0,2,Saudável
MOTV3.SA,MOTIVA SA   ON      NM,2024-12-31,59097099000.0,45095013000.0,13608891000.0,4187905000.0,32432276000.0,1690439000.0,6212749000.0,1833967000.0,217852000.0,1508220000.0,,,,,,,3.5065314887177963,24.27621009636797,3.313643484983457,1.0,1,Atenção
MOTV3.SA,MOTIVA SA   ON      NM,2025-03-31,62665420000.0,48079512000.0,14199077000.0,5448072000.0,35913711000.0,1749486000.0,3904000000.0,1943000000.0,545000000.0,1639000000.0,6.0380645757247775,4.336767779240791,30.090630040557276,-37.16147232086795,150.16984007491322,8.671148771399405,13.960040983606559,41.982581967213115,3.3861012233400807,2.0,2,Saudável
MOTV3.SA,MOTIVA SA   ON      NM,2025-06-30,64511989000.0,49490816000.0,14702536000.0,4347419000.0,37428948000.0,1545268000.0,4662280000.0,2045570000.0,897243000.0,1878321000.0,2.946711280320158,3.5457163870581176,-20.202614796573904,19.423155737704924,64.63174311926605,14.601647345942649,19.244725756496823,40.28760606398586,3.3661414602215562,3.0,2,Saudável
MOTV3.SA,MOTIVA SA   ON      NM,2025-12-31,71013870000.0,54731433000.0,15791252000.0,3651544000.0,35383678000.0,1874360000.0,3245380000.0,1210870000.0,605757000.0,1718894000.0,10.078562296381843,7.4049538120498415,-16.006623700177048,-30.390710124660036,-32.486851388085505,-8.487739848513643,18.66521023732198,52.96433699597581,3.4659337334367155,3.0,2,Saudável
MOTV3.SA,MOTIVA SA   ON      NM,2026-03-31,74159000000.0,57479000000.0,16336000000.0,5156000000.0,37920000000.0,2217000000.0,4376000000.0,2144000000.0,627000000.0,1842000000.0,4.428895369313057,3.449682140466126,41.20054420814867,34.83783100900357,3.5068517573878744,7.161930869500965,14.328153564899452,42.09323583180987,3.5185479921645446,3.0,2,Saudável
MOVI3.SA,MOVIDA      ON      NM,2025-03-31,29211368000.0,26603692000.0,2607676000.0,847108000.0,16803695000.0,2695457000.0,3568231000.0,1145565000.0,78467000.0,1210039000.0,,,,,,,2.1990448488340584,33.91145360263951,10.202069582264054,1.0,0,Risco
MOVI3.SA,MOVIDA      ON      NM,2025-06-30,29775568000.0,27126593000.0,2648975000.0,1002896000.0,15607835000.0,3406357000.0,3679005000.0,1154784000.0,67596000.0,1477823000.0,1.9314398421874657,1.5837473673876667,18.39057121406007,3.104451477496828,-13.854231715243348,22.130195803606334,1.8373446081209457,40.169094632923844,10.240411102407535,2.0,1,Atenção
MOVI3.SA,MOVIDA      ON      NM,2025-09-30,29641564000.0,26852930000.0,2788634000.0,1671176000.0,14401086000.0,3808921000.0,3765843000.0,1218150000.0,69955000.0,1579227000.0,-0.4500468303409,5.272190186770365,66.63502496769355,2.360366457778662,3.489851470501204,6.861714833237809,1.8576185996070467,41.93555068546405,9.629420712793433,3.0,1,Atenção
MOVI3.SA,MOVIDA      ON      NM,2025-12-31,34925260000.0,31957456000.0,2967804000.0,1322044000.0,17095632000.0,4320256000.0,3658975000.0,1243739000.0,102346000.0,1274564000.0,17.82529423885999,6.425009520790459,-20.891396238337556,-2.8378240941005717,46.30262311485956,-19.291906736650276,2.797122144862974,34.83390840330967,10.768048024734787,3.0,1,Atenção
MOVI3.SA,MOVIDA      ON      NM,2026-03-31,35936374000.0,32879710000.0,3056664000.0,1830668000.0,19728730000.0,3426252000.0,3780645000.0,1337104000.0,124513000.0,1506502000.0,2.8950793780776474,2.9941330357395657,38.47254705592249,3.3252481910917675,21.658882613878404,18.197438496615305,3.293432734361465,39.84775084674705,10.756730213068888,3.0,1,Atenção
MRVE3.SA,MRV         ON      NM,2025-03-31,28758188000.0,21808455000.0,5996125000.0,534083000.0,5919853000.0,3443588000.0,2283191000.0,654135000.0,-358813000.0,-101038000.0,,,,,,,-15.71541758880444,-4.42529775213725,3.6370914548979547,0.0,0,Risco
MRVE3.SA,MRV         ON      NM,2025-06-30,27411776000.0,21383262000.0,5158009000.0,322566000.0,5513426000.0,2338616000.0,2708839000.0,796847000.0,-811858000.0,-573027000.0,-4.681838786226722,-13.977627217578014,-39.60376945156464,18.64268035394323,126.26214769253066,467.14008590827217,-29.970699624451658,-21.15397039100515,4.145642630712742,0.0,0,Risco
MRVE3.SA,MRV         ON      NM,2025-09-30,28463401000.0,22361376000.0,5263334000.0,715735000.0,6859245000.0,1889805000.0,2876115000.0,851627000.0,87006000.0,360396000.0,3.8363986339301714,2.0419700702344556,121.8879237117365,6.175191659600299,-110.71689876801116,-162.8933715165254,3.0251224307790197,12.530653329230576,4.248519284544739,1.0,1,Atenção
MRVE3.SA,MRV         ON      NM,2025-12-31,28529287000.0,22374090000.0,5327812000.0,255863000.0,7364579000.0,1237427000.0,3038091000.0,897185000.0,41409000.0,340683000.0,0.2314762034234752,1.225041010127792,-64.25171327376754,5.631763681215807,-52.40673057030549,-5.469816535144679,1.3629940643647607,11.213719404718292,4.19948939639762,2.0,1,Atenção
MRVE3.SA,MRV         ON      NM,2026-03-31,28247672000.0,22367439000.0,5214702000.0,450314000.0,7237493000.0,1144110000.0,2776197000.0,816501000.0,-77657000.0,200418000.0,-0.9871084405299047,-2.123010346461174,75.99809272931218,-8.620347448447063,-287.53652587601727,-41.17170507480561,-2.797243855533307,7.219156277454373,4.289303396435693,2.0,0,Risco
MTRE3.SA,MITRE REALTYON  ED  NM,2025-03-31,2224496000.0,1172510000.0,997155000.0,148663000.0,252162000.0,376192000.0,239305000.0,63530000.0,11235000.0,24404000.0,,,,,,,4.69484549006498,10.1978646497148,1.1758553083522623,1.0,1,Atenção
MTRE3.SA,MITRE REALTYON  ED  NM,2025-06-30,2310159000.0,1267442000.0,992548000.0,182609000.0,253705000.0,416327000.0,256864000.0,65445000.0,10393000.0,24426000.0,3.8508947644769975,-0.46201443105635676,22.83419546221992,7.337498171789147,-7.494437027147304,0.09014915587608474,4.046110003737386,9.509312320916905,1.2769578901977536,2.0,2,Saudável
MTRE3.SA,MITRE REALTYON  ED  NM,2025-09-30,2253318000.0,1215129000.0,989206000.0,103913000.0,282292000.0,330902000.0,243215000.0,62445000.0,8658000.0,23173000.0,-2.460479992935549,-0.3367091566352509,-43.09535674583399,-5.313706864332879,-16.69392860579236,-5.129779742896911,3.559813333881545,9.527784059371339,1.2283882224733775,3.0,1,Atenção
MTRE3.SA,MITRE REALTYON  ED  NM,2025-12-31,2384092000.0,1328988000.0,1003670000.0,206924000.0,440139000.0,238307000.0,315540000.0,80383000.0,23464000.0,40665000.0,5.803619373741298,1.4621828011556648,99.13196616400258,29.737063914643414,171.00947100947099,75.48439994821558,7.436141218229067,12.887431070545732,1.3241284485936613,3.0,2,Saudável
MTRE3.SA,MITRE REALTYON  ED  NM,2026-03-31,2364732000.0,1294923000.0,1019053000.0,171992000.0,472667000.0,197100000.0,285114000.0,81208000.0,18383000.0,34163000.0,-0.812049199443643,1.53267508244741,-16.881560379656303,-9.642517588895227,-21.65444936924651,-15.989179884421489,6.447596400036476,11.982224653998049,1.2707121219406645,3.0,2,Saudável
MULT3.SA,MULTIPLAN   ON      N2,2024-12-31,12511801000.0,6866032000.0,5645519000.0,49603000.0,4851912000.0,579020000.0,936302000.0,761744000.0,512477000.0,709007000.0,,,,,,,54.734156287180845,75.72417873720231,1.2161914608736593,1.0,1,Atenção
MULT3.SA,MULTIPLAN   ON      N2,2025-03-31,12620490000.0,6873730000.0,5746470000.0,71705000.0,4840866000.0,634113000.0,525677000.0,440631000.0,234044000.0,441376000.0,0.8686918853648695,1.7881615490090486,44.55778884341672,-43.856042174426626,-54.33082850547439,-37.74730009717817,44.522396833036254,83.9633463134206,1.1961656460400907,2.0,2,Saudável
MULT3.SA,MULTIPLAN   ON      N2,2025-06-30,12311269000.0,6405908000.0,5905050000.0,137470000.0,4529820000.0,594616000.0,694056000.0,530804000.0,264367000.0,480735000.0,-2.4501505092116127,2.7596072023346574,91.71605885224183,32.03088588620009,12.956110816769506,8.91734031755238,38.090154108602185,69.26458383761542,1.0848185874802077,3.0,2,Saudável
MULT3.SA,MULTIPLAN   ON      N2,2025-12-31,13154931000.0,6855552000.0,6299142000.0,191102000.0,4712863000.0,727136000.0,901811000.0,772655000.0,421568000.0,753476000.0,6.8527622944474675,6.6738130921838,39.01360296792027,29.933463582189333,59.463170516743766,56.73416747272406,46.74682389103704,83.55143150837593,1.0883310774705508,3.0,2,Saudável
MULT3.SA,MULTIPLAN   ON      N2,2026-03-31,13294928000.0,6819381000.0,6475353000.0,376282000.0,4531855000.0,889811000.0,826975000.0,598687000.0,316145000.0,550884000.0,1.0642169084733366,2.7973809766473012,96.90113133300542,-8.298412860344351,-25.00735349931683,-26.887651365139696,38.22908794098975,66.61434747120529,1.0531288410068147,3.0,2,Saudável
MYPK3.SA,"IOCHP,MAXIONON      NM",2024-12-31,15961371000.0,10890389000.0,4557905000.0,2463475000.0,5774050000.0,614709000.0,3909106000.0,483011000.0,68366000.0,386264000.0,,,,,,,1.7488909228862048,9.881133947250344,2.389340936241541,1.0,1,Atenção
MYPK3.SA,"IOCHP,MAXIONON      NM",2025-03-31,15329139000.0,10550929000.0,4306803000.0,1932732000.0,5314654000.0,509221000.0,3938050000.0,443732000.0,10892000.0,351895000.0,-3.961013123496726,-5.509153876616557,-21.544484924750606,0.7404250485916641,-84.06810402831817,-8.897800468073648,0.27658358832417057,8.935767702289205,2.449828561928651,2.0,1,Atenção
MYPK3.SA,"IOCHP,MAXIONON      NM",2025-06-30,14920051000.0,10158459000.0,4317766000.0,1678690000.0,5240740000.0,354676000.0,4106968000.0,534617000.0,86822000.0,437616000.0,-2.668695221564632,0.2545507653821222,-13.144191745156597,4.289381800637382,697.1171502019831,24.359823242728652,2.1140169584959025,10.655451905152415,2.3527117958685118,3.0,1,Atenção
MYPK3.SA,"IOCHP,MAXIONON      NM",2025-12-31,14392484000.0,9540735000.0,4321723000.0,1599733000.0,5275350000.0,356196000.0,3519120000.0,412108000.0,-34398000.0,336077000.0,-3.5359597631402173,0.09164461436770299,-4.703489030136598,-14.313430248299962,-139.6189905784248,-23.20276223904062,-0.9774602741594489,9.550029552842757,2.20762297815015,2.0,0,Risco
MYPK3.SA,"IOCHP,MAXIONON      NM",2026-03-31,14555533000.0,9985285000.0,4098168000.0,1866118000.0,5428057000.0,279439000.0,3807333000.0,441538000.0,3920000.0,348783000.0,1.1328760205673971,-5.172821117873594,16.651841276012934,8.18991679738117,-111.39601139601139,3.780681212936332,0.10295921055500006,9.160822024235863,2.4365240761237703,2.0,1,Atenção
NATU3.SA,NATURA      ON      NM,2025-03-31,19790761000.0,10636454000.0,9154307000.0,1563367000.0,2354636000.0,247692000.0,4835141000.0,3310573000.0,96739000.0,515938000.0,,,,,,,2.0007482718704583,10.670588510241998,1.1619070673509202,1.0,1,Atenção
NATU3.SA,NATURA      ON      NM,2025-06-30,20092267000.0,10632113000.0,9460154000.0,1259449000.0,2356217000.0,251647000.0,5599325000.0,3736788000.0,365298000.0,697721000.0,1.523468450758414,3.3410175123032237,-19.439965152136384,15.804792455897365,277.6119248700111,35.23349704809493,6.523964942202855,12.460805543525336,1.1238837126752905,2.0,1,Atenção
NATU3.SA,NATURA      ON      NM,2025-09-30,29046526000.0,16005701000.0,13040825000.0,1315030000.0,6157010000.0,356964000.0,5194075000.0,3492882000.0,-1926103000.0,465521000.0,44.565697837879625,37.85002865703877,4.413120340720433,-7.237479517620427,-627.2689694441251,-33.27977802015418,-37.08269518634213,8.96253904689478,1.2273534074723034,2.0,0,Risco
NATU3.SA,NATURA      ON      NM,2025-12-31,29046526000.0,16005701000.0,13040825000.0,1315030000.0,6157010000.0,356964000.0,6194947000.0,3996077000.0,-321172000.0,499177000.0,0.0,0.0,0.0,19.26949456833027,-83.32529464935156,7.229749033878163,-5.184418849749642,8.057809049859506,1.2273534074723034,1.0,0,Risco
NATU3.SA,NATURA      ON      NM,2026-03-31,27909605000.0,15447159000.0,12462446000.0,1709728000.0,5879345000.0,661532000.0,4745464000.0,3120278000.0,-444525000.0,-34575000.0,-3.9141376149423146,-4.435141181635361,30.014372295689064,-23.397827293760542,38.40714632657891,-106.92640085580867,-9.367366394519062,-0.7285905024250526,1.2394965643181122,0.0,0,Risco
ONCO3.SA,ONCOCLINICASON      NM,2025-03-31,10825812000.0,7582961000.0,2995772000.0,550519000.0,4094128000.0,785045000.0,1493156000.0,412244000.0,-146494000.0,139724000.0,,,,,,,-9.811031131375422,9.357629075595584,2.531221000797123,0.0,0,Risco
ONCO3.SA,ONCOCLINICASON      NM,2025-06-30,10301343000.0,7202713000.0,2852589000.0,342739000.0,3825981000.0,913583000.0,1464389000.0,440007000.0,-140992000.0,103911000.0,-4.844615812652209,-4.7795025789679535,-37.74256655991891,-1.9265903897516368,-3.7557852198724873,-25.631244453350888,-9.628042821955095,7.095860457842827,2.5249739797776685,0.0,0,Risco
ONCO3.SA,ONCOCLINICASON      NM,2025-09-30,8221357000.0,7022861000.0,971212000.0,196652000.0,3473401000.0,963085000.0,1412993000.0,453139000.0,-1882321000.0,-1608814000.0,-20.191406110834286,-65.95331469061965,-42.62339564508271,-3.5097231678194785,1235.0551804357694,-1648.2614930084399,-133.2151680864661,-113.85859661017427,7.231027829145439,0.0,0,Risco
ONCO3.SA,ONCOCLINICASON      NM,2025-12-31,7130514000.0,6068107000.0,900927000.0,509549000.0,109342000.0,3224499000.0,1368829000.0,480911000.0,-1453981000.0,-863795000.0,-13.268405690204188,-7.236833976515944,159.11203547383192,-3.12556396245417,-22.75594864000349,-46.30858508192992,-106.22079164015375,-63.10466829677045,6.735403645356394,0.0,0,Risco
ONCO3.SA,ONCOCLINICASON      NM,2026-03-31,6699638000.0,6078637000.0,533367000.0,112102000.0,0.0,3381632000.0,1160771000.0,199450000.0,-364204000.0,-230615000.0,-6.042706037741463,-40.79797808257495,-77.99976057258478,-15.199707194981993,-74.95125452120763,-73.30211450633541,-31.37604230291763,-19.86739847911431,11.396724956737106,0.0,0,Risco
OPCT3.SA,OCEANPACT   ON      NM,2025-03-31,2915946000.0,1971149000.0,944915000.0,405675000.0,1306651000.0,289892000.0,459202000.0,103591000.0,13655000.0,165703000.0,,,,,,,2.9736368744038573,36.084990919029096,2.086059592661774,1.0,1,Atenção
OPCT3.SA,OCEANPACT   ON      NM,2025-06-30,2809573000.0,1893025000.0,916790000.0,281356000.0,1229271000.0,287545000.0,508500000.0,129814000.0,9758000.0,161861000.0,-3.6479756483830617,-2.97645819994391,-30.644974425340475,10.735580419945912,-28.538996704503848,-2.3186061809381875,1.91897738446411,31.831071779744345,2.064840366932449,2.0,1,Atenção
OPCT3.SA,OCEANPACT   ON      NM,2025-09-30,3156836000.0,2192439000.0,964632000.0,634055000.0,1645895000.0,137180000.0,613751000.0,191387000.0,58042000.0,232646000.0,12.359992069969362,5.218425157342477,125.35684328750763,20.69832841691248,494.81451117032174,43.73196755240607,9.45692960174403,37.90560015380831,2.2728242480033836,3.0,2,Saudável
OPCT3.SA,OCEANPACT   ON      NM,2025-12-31,3477655000.0,2464194000.0,1014122000.0,696563000.0,1790709000.0,181664000.0,552464000.0,148875000.0,24089000.0,170487000.0,10.162675539685928,5.130453893298159,9.858450765312154,-9.98564564456922,-58.49729506219634,-26.71827583538939,4.360284109009817,30.859386312954328,2.429879245297903,3.0,1,Atenção
OPCT3.SA,OCEANPACT   ON      NM,2026-03-31,3394319000.0,2391659000.0,1003369000.0,513021000.0,1733977000.0,175950000.0,497426000.0,125565000.0,29754000.0,206883000.0,-2.396327410280774,-1.0603260751664956,-26.349662557442755,-9.962278085087895,23.51695794761095,21.348255292192377,5.9815932420098665,41.59070896977641,2.383628555396868,3.0,1,Atenção
ORVR3.SA,ORIZON      ON      NM,2025-03-31,3387080000.0,2516766000.0,771834000.0,409969000.0,1746730000.0,227405000.0,240800000.0,100900000.0,-6322000.0,118720000.0,,,,,,,-2.6254152823920265,49.30232558139535,3.260760733525603,0.0,0,Risco
ORVR3.SA,ORIZON      ON      NM,2025-06-30,4045501000.0,2541258000.0,1402852000.0,932773000.0,1666378000.0,275504000.0,264181000.0,124084000.0,23846000.0,142644000.0,19.439192460762666,81.75566248701145,127.52281270047247,9.709717607973412,-477.19076241695666,20.151617250673848,9.026387211797973,53.99479902036861,1.8114940136236752,1.0,1,Atenção
ORVR3.SA,ORIZON      ON      NM,2025-09-30,4224165000.0,2694019000.0,1424701000.0,1035713000.0,1915243000.0,229187000.0,281050000.0,136772000.0,23288000.0,146310000.0,4.416362769407289,1.5574700681183717,11.035911202404014,6.385394861856075,-2.340015096871595,2.5700344914612705,8.286070094289272,52.05835260629781,1.8909364140265221,2.0,1,Atenção
ORVR3.SA,ORIZON      ON      NM,2025-12-31,4293945000.0,2742308000.0,1442102000.0,851334000.0,1943929000.0,227726000.0,264309000.0,123507000.0,19330000.0,139694000.0,1.6519241080781732,1.2213790823478066,-17.802132444026487,-5.956591353851626,-16.995877705255925,-4.521905543025085,7.313409683363034,52.85253245254607,1.9016047408574428,3.0,1,Atenção
ORVR3.SA,ORIZON      ON      NM,2026-03-31,4446961000.0,2873596000.0,1459992000.0,855590000.0,2054653000.0,230072000.0,331076000.0,132720000.0,18784000.0,160220000.0,3.5635295747849627,1.240550252339978,0.49992129998333024,25.260963493486788,-2.824624935333675,14.69354446146578,5.673621766603438,48.3937222873298,1.9682272231628666,3.0,1,Atenção
PASS3.SA,COMPASS     ON      NM,2025-03-31,32030012000.0,24820116000.0,5101120000.0,3092626000.0,12795307000.0,1322927000.0,4209600000.0,813903000.0,393725000.0,995107000.0,,,,,,,9.35302641581148,23.638991828202204,4.8656208832570105,1.0,1,Atenção
PASS3.SA,COMPASS     ON      NM,2025-06-30,32391241000.0,24870887000.0,5455558000.0,3419387000.0,11930723000.0,2278105000.0,4335338000.0,1055405000.0,314169000.0,1279774000.0,1.1277829056073996,6.948238818141905,10.565810414838396,2.986934625617632,-20.20598133214807,28.606672448289473,7.246701410593591,29.519589937393576,4.5588163483918605,2.0,1,Atenção
PASS3.SA,COMPASS     ON      NM,2025-09-30,32873481000.0,25008364000.0,5732434000.0,3388199000.0,11939045000.0,2469301000.0,4261229000.0,1175667000.0,363391000.0,1398710000.0,1.4887975425208255,5.07511788894921,-0.9120933079525662,-1.709416889755766,15.667363743717555,9.293515886398684,8.527844901083702,32.82409839978091,4.362608274251391,3.0,1,Atenção
PASS3.SA,COMPASS     ON      NM,2025-12-31,33347589000.0,25911087000.0,5326247000.0,3430108000.0,13359708000.0,2170720000.0,3797888000.0,986059000.0,212469000.0,1123069000.0,1.4422202504200898,-7.085768453679542,1.2369108189926203,-10.873412341838474,-41.53157342917133,-19.706801266881623,5.5943987816386365,29.570882553671936,4.864792601619865,3.0,1,Atenção
PASS3.SA,COMPASS     ON      NM,2026-03-31,35050497000.0,27176682000.0,5727062000.0,4385936000.0,15524664000.0,1883572000.0,3163641000.0,857732000.0,345777000.0,953857000.0,5.106540086001421,7.525279995463974,27.865828131359137,-16.6999922061946,62.74232946924021,-15.066928211890806,10.929716740932363,30.150608112614545,4.74530954964343,3.0,2,Saudável
PCAR3.SA,"P.ACUCAR,CBDON      NM",2024-09-30,19674000000.0,15640000000.0,4026000000.0,2289000000.0,2656000000.0,2491000000.0,4494000000.0,1244000000.0,-311000000.0,317000000.0,,,,,,,-6.9203382287494435,7.053849577214064,3.88474913065077,0.0,0,Risco
PCAR3.SA,"P.ACUCAR,CBDON      NM",2024-12-31,19703000000.0,16768000000.0,2926000000.0,2631000000.0,3196000000.0,1300000000.0,5220000000.0,1417000000.0,-1104000000.0,-75000000.0,0.14740266341364272,-27.322404371584696,14.941022280471827,16.15487316421895,254.983922829582,-123.65930599369086,-21.149425287356323,-1.4367816091954022,5.73069036226931,0.0,0,Risco
PCAR3.SA,"P.ACUCAR,CBDON      NM",2026-03-31,16162000000.0,15480000000.0,662000000.0,943000000.0,0.0,4662000000.0,4374000000.0,1332000000.0,-1437000000.0,-154000000.0,-17.97188245444856,-77.37525632262474,-64.15811478525275,-16.206896551724135,30.163043478260864,105.33333333333333,-32.85322359396434,-3.5208047553726565,23.38368580060423,0.0,0,Risco
PETR3.SA,PETROBRAS   ON      N2,2025-03-31,1151494101400.0,752589776300.0,397135667400.0,27048364500.0,121386377000.0,66851804400.0,123144000000.0,60709000000.0,35209000000.0,72709000000.0,,,,,,,28.591730007146104,59.04388358344702,1.8950445353526562,1.0,1,Atenção
PETR3.SA,PETROBRAS   ON      N2,2025-06-30,1180123494400.0,776538975200.0,401008261200.0,38347874400.0,127804322400.0,64379043000.0,115312211800.0,54879776800.0,25948947600.0,59884901800.0,2.486282210668045,0.9751312002151291,41.77520566908952,-6.359861787825638,-26.30024255162032,-17.63756646357397,22.503208632409564,51.93283596351934,1.9364662784657865,2.0,2,Saudável
PETR3.SA,PETROBRAS   ON      N2,2025-09-30,1213429908900.0,787981054200.0,423420144000.0,47730610800.0,136530632700.0,64290427800.0,125007981900.0,59727159900.0,32091966900.0,71723709000.0,2.822282130475995,5.588883065135208,24.467422371655623,8.40827692804693,23.673481463271372,19.769268787546036,25.671934233505134,57.37530348852068,1.8609909456740443,3.0,2,Saudável
PETR3.SA,PETROBRAS   ON      N2,2025-12-31,1218228890400.0,802406923200.0,414035748000.0,35455903200.0,132897996000.0,66972261600.0,139486145100.0,64290312900.0,18469758300.0,50333460900.0,0.3954889742540102,-2.216331965538232,-25.71663633518807,11.581791002419184,-42.447409479286236,-29.82312041336289,13.241285209193155,36.08491787045594,1.93801363064911,3.0,2,Saudável
PETR3.SA,PETROBRAS   ON      N2,2026-03-31,1246068000000.0,799696000000.0,445189000000.0,34294000000.0,130754000000.0,66447000000.0,123686000000.0,59602000000.0,32663000000.0,70371000000.0,2.285211738071591,7.524290390500288,-3.2770373763881477,-11.327393906163664,76.84584426857388,39.80957943625132,26.408000905518815,56.89487896770855,1.7963067371386086,3.0,2,Saudável
PETR4.SA,PETROBRAS   PN      N2,2025-03-31,1151494101400.0,752589776300.0,397135667400.0,27048364500.0,121386377000.0,66851804400.0,123144000000.0,60709000000.0,35209000000.0,72709000000.0,,,,,,,28.591730007146104,59.04388358344702,1.8950445353526562,1.0,1,Atenção
PETR4.SA,PETROBRAS   PN      N2,2025-06-30,1180123494400.0,776538975200.0,401008261200.0,38347874400.0,127804322400.0,64379043000.0,115312211800.0,54879776800.0,25948947600.0,59884901800.0,2.486282210668045,0.9751312002151291,41.77520566908952,-6.359861787825638,-26.30024255162032,-17.63756646357397,22.503208632409564,51.93283596351934,1.9364662784657865,2.0,2,Saudável
PETR4.SA,PETROBRAS   PN      N2,2025-09-30,1213429908900.0,787981054200.0,423420144000.0,47730610800.0,136530632700.0,64290427800.0,125007981900.0,59727159900.0,32091966900.0,71723709000.0,2.822282130475995,5.588883065135208,24.467422371655623,8.40827692804693,23.673481463271372,19.769268787546036,25.671934233505134,57.37530348852068,1.8609909456740443,3.0,2,Saudável
PETR4.SA,PETROBRAS   PN      N2,2025-12-31,1218228890400.0,802406923200.0,414035748000.0,35455903200.0,132897996000.0,66972261600.0,139486145100.0,64290312900.0,18469758300.0,50333460900.0,0.3954889742540102,-2.216331965538232,-25.71663633518807,11.581791002419184,-42.447409479286236,-29.82312041336289,13.241285209193155,36.08491787045594,1.93801363064911,3.0,2,Saudável
PETR4.SA,PETROBRAS   PN      N2,2026-03-31,1246068000000.0,799696000000.0,445189000000.0,34294000000.0,130754000000.0,66447000000.0,123686000000.0,59602000000.0,32663000000.0,70371000000.0,2.285211738071591,7.524290390500288,-3.2770373763881477,-11.327393906163664,76.84584426857388,39.80957943625132,26.408000905518815,56.89487896770855,1.7963067371386086,3.0,2,Saudável
PGMN3.SA,PAGUE MENOS ON      NM,2024-12-31,9021606000.0,6299197000.0,2714843000.0,149126000.0,1046625000.0,668500000.0,3349190000.0,1067173000.0,66463000.0,246928000.0,,,,,,,1.984449971485643,7.372767743842541,2.3202803992717076,1.0,1,Atenção
PGMN3.SA,PAGUE MENOS ON      NM,2025-03-31,8668631000.0,5938024000.0,2722915000.0,116272000.0,1019848000.0,690396000.0,3370706000.0,1041050000.0,4969000.0,227510000.0,-3.9125517119679154,0.2973284274633947,-22.031034159033304,0.6424239890839178,-92.52365978062981,-7.863830752284063,0.1474171879718967,6.749624559365309,2.1807599576189487,2.0,1,Atenção
PGMN3.SA,PAGUE MENOS ON      NM,2025-06-30,9115564000.0,6329427000.0,2778335000.0,243754000.0,1447512000.0,556273000.0,3693371000.0,1219569000.0,50233000.0,301677000.0,5.155750660052316,2.0353187668362693,109.64118618412,9.572623658070455,910.9277520627893,32.59944617818997,1.3600854070712094,8.168066517011153,2.27813672577281,3.0,2,Saudável
PGMN3.SA,PAGUE MENOS ON      NM,2025-12-31,9920927000.0,6827539000.0,3085174000.0,185757000.0,1544416000.0,478065000.0,3989130000.0,1264319000.0,129250000.0,334020000.0,8.835032039707036,11.043988575891683,-23.793250572298298,8.00783349411689,157.30097744510581,10.72106922304319,3.2400548490523,8.373254318610824,2.213015862314411,3.0,1,Atenção
PGMN3.SA,PAGUE MENOS ON      NM,2026-03-31,9806829000.0,6450843000.0,3347904000.0,241293000.0,1534981000.0,405721000.0,3807945000.0,1220227000.0,52215000.0,298162000.0,-1.1500739799819137,8.515889217269423,29.897123661557835,-4.541967797489677,-59.60154738878143,-10.735285312256748,1.3712120316863818,7.8299975446073935,1.9268303392211963,3.0,2,Saudável
PLPL3.SA,PLANOEPLANO ON      NM,2025-03-31,2501662000.0,1636549000.0,801581000.0,415939000.0,572072000.0,34402000.0,608288000.0,199688000.0,66937000.0,118123000.0,,,,,,,11.00416250197275,19.418926561102637,2.0416514363489155,1.0,1,Atenção
PLPL3.SA,PLANOEPLANO ON      NM,2025-06-30,3049801000.0,2061418000.0,911158000.0,498299000.0,607193000.0,138006000.0,783815000.0,263056000.0,83539000.0,147486000.0,21.910993571473682,13.670109446206924,19.800980432226844,28.855903782418846,24.802426161913438,24.857987013536743,10.657999655530961,18.816429897360983,2.2624155195915527,2.0,2,Saudável
PLPL3.SA,PLANOEPLANO ON      NM,2025-09-30,3827834000.0,2745639000.0,989580000.0,945049000.0,872556000.0,184922000.0,814415000.0,248126000.0,78146000.0,151084000.0,25.51094317301359,8.606849745049704,89.6550063315399,3.9039824448371174,-6.45566741282515,2.439553584747034,9.595353720154957,18.551230024004962,2.774549809009883,3.0,2,Saudável
PLPL3.SA,PLANOEPLANO ON      NM,2025-12-31,4237860000.0,3095315000.0,1023195000.0,1093455000.0,915258000.0,184987000.0,1075189000.0,309257000.0,133387000.0,198126000.0,10.711697529203201,3.3968956527011374,15.703524367519561,32.019793348599926,70.689478668134,31.13632151650738,12.405911890839658,18.427085842582095,3.0251467217881243,3.0,2,Saudável
PLPL3.SA,PLANOEPLANO ON      NM,2026-03-31,4409236000.0,3241340000.0,1064266000.0,1035758000.0,936758000.0,185805000.0,738328000.0,201337000.0,40804000.0,103274000.0,4.043927831499872,4.013995377225266,-5.2765774540333155,-31.330398655492196,-69.40931275161748,-47.8745848601395,5.526541049506452,13.987550248669967,3.0456107777566888,3.0,1,Atenção
PMAM3.SA,PARANAPANEMAON  ES  NM,2024-12-31,1627102000.0,7912948000.0,-6285846000.0,8524000.0,354311000.0,4866537000.0,130080000.0,-71343000.0,-809511000.0,-446419000.0,,,,,,,-622.3178044280443,-343.1880381303813,,0.0,0,Risco
PMAM3.SA,PARANAPANEMAON  ES  NM,2025-03-31,1584101000.0,7995299000.0,-6411198000.0,1408000.0,487963000.0,4718638000.0,134124000.0,-38771000.0,-131917000.0,153277000.0,-2.6427968252758616,1.9941945761954738,-83.48193336461756,3.108856088560885,-83.70411272978379,-134.33478413777192,-98.35450776893025,114.28006918970506,,0.0,0,Risco
PMAM3.SA,PARANAPANEMAON  ES  NM,2025-06-30,1559819000.0,8217958000.0,-6658139000.0,1451000.0,455182000.0,4827664000.0,142677000.0,-35000000.0,-257487000.0,27167000.0,-1.5328568064788772,3.8517138294590136,3.0539772727272707,6.376934776773724,95.18864134266242,-82.27587961664177,-180.46847074160516,19.040910588251787,,0.0,0,Risco
PMAM3.SA,PARANAPANEMAON  ES  NM,2025-09-30,1308559000.0,8335702000.0,-7027143000.0,2140000.0,536321000.0,4772165000.0,169649000.0,-30686000.0,-371565000.0,-51000000.0,-16.108279229833723,5.5421492402006,47.48449345279118,18.904238244426217,44.304372647939516,-287.7277579416203,-219.0198586493289,-30.062069331384212,,0.0,0,Risco
PMAM3.SA,PARANAPANEMAON  ES  NM,2025-12-31,1207162000.0,8751248000.0,-7544086000.0,2166000.0,44203000.0,5657382000.0,115364000.0,-129351000.0,-570521000.0,-176580000.0,-7.748752635532674,7.356375129978154,1.2149532710280297,-31.998420267729255,53.545409282359756,246.23529411764707,-494.53989112721473,-153.06334731805416,,0.0,0,Risco
PNVL3.SA,DIMED       ON      NM,2025-03-31,3174997000.0,1929172000.0,1245825000.0,88226000.0,397074000.0,261423000.0,1258688000.0,401095000.0,25466000.0,117855000.0,,,,,,,2.0232178268164946,9.3633211725225,1.5485096221379406,1.0,1,Atenção
PNVL3.SA,DIMED       ON      NM,2025-06-30,3326445000.0,2092343000.0,1234102000.0,47667000.0,395131000.0,248499000.0,1313746000.0,433505000.0,25090000.0,116015000.0,4.770020255137242,-0.9409828828286448,-45.971709020016775,4.3742373010627,-1.4764784418440313,-1.561240507403161,1.9098060051181889,8.830854670537532,1.6954376542619654,2.0,1,Atenção
PNVL3.SA,DIMED       ON      NM,2025-09-30,3583121000.0,2318951000.0,1264170000.0,48390000.0,588310000.0,241296000.0,1373996000.0,447035000.0,31302000.0,140470000.0,7.716225580161407,2.4364274589944834,1.5167726099817536,4.586122431581141,24.75886807493024,21.07917079687971,2.278172571099188,10.223464988253241,1.8343664222375156,3.0,1,Atenção
PNVL3.SA,DIMED       ON      NM,2025-12-31,3830510000.0,2548659000.0,1281851000.0,43745000.0,520159000.0,328704000.0,1565688000.0,502883000.0,42747000.0,144427000.0,6.904288188983854,1.3986251849039233,-9.59909072122339,13.951423439369549,36.56315890358444,2.8169715953584307,2.7302374419424558,9.224507053768056,1.988264626699983,3.0,1,Atenção
PNVL3.SA,DIMED       ON      NM,2026-03-31,3663514000.0,2363241000.0,1300273000.0,17277000.0,470541000.0,268400000.0,1449661000.0,380688000.0,33231000.0,139156000.0,-4.35962835236039,1.4371405100904955,-60.505200594353646,-7.410607988309293,-22.261211313074604,-3.6495946048868966,2.2923290341672984,9.599209746278612,1.8174960181438822,3.0,1,Atenção
POMO4.SA,MARCOPOLO   PN      N2,2024-12-31,9441753000.0,5359417000.0,4026610000.0,2093398000.0,2086659000.0,1196188000.0,2666314000.0,659331000.0,312564000.0,492298000.0,,,,,,,11.722700327118261,18.463616813323565,1.330999774003442,1.0,1,Atenção
POMO4.SA,MARCOPOLO   PN      N2,2025-03-31,8980912000.0,4967112000.0,3960142000.0,1762813000.0,1694433000.0,1432976000.0,1677436000.0,384255000.0,241809000.0,407932000.0,-4.880883878237441,-1.6507185945497604,-15.791789234536392,-37.087829865499714,-22.636963949783084,-17.137181138253656,14.415393493403029,24.318781759781,1.2542762355491293,2.0,2,Saudável
POMO4.SA,MARCOPOLO   PN      N2,2025-06-30,9494733000.0,5268253000.0,4175411000.0,1953445000.0,2024031000.0,1312703000.0,2305085000.0,593206000.0,319344000.0,552612000.0,5.721256371290573,5.43589093522403,10.814079542186272,37.417165245052566,32.06456335372132,35.466695429630434,13.853892589644198,23.973606179381672,1.2617327970827303,3.0,2,Saudável
POMO4.SA,MARCOPOLO   PN      N2,2025-12-31,9722646000.0,5827117000.0,3832368000.0,2221811000.0,2499504000.0,1218760000.0,2569578000.0,668110000.0,338840000.0,518762000.0,2.4004150511657274,-8.21579001444409,13.738088351604482,11.47432741091976,6.10501528132672,-6.125455111362044,13.186601068346631,20.188606845170685,1.5205003799217611,3.0,2,Saudável
POMO4.SA,MARCOPOLO   PN      N2,2026-03-31,9504229000.0,5384615000.0,4061284000.0,1828183000.0,2336607000.0,1069535000.0,1655238000.0,373427000.0,266082000.0,409228000.0,-2.246476936422448,5.97322595324874,-17.716538445439333,-35.583274763404724,-21.472671467359227,-21.114499520011098,16.07515052216056,24.723212009390792,1.3258405469797236,3.0,2,Saudável
POSI3.SA,POSITIVO TECON      NM,2025-03-31,4215868000.0,2597032000.0,1607654000.0,465401000.0,853156000.0,398105000.0,660395000.0,116263000.0,-13498000.0,51603000.0,,,,,,,-2.043928255059472,7.813959827073191,1.6154172477411184,0.0,0,Risco
POSI3.SA,POSITIVO TECON      NM,2025-06-30,4162288000.0,2550940000.0,1597858000.0,675876000.0,764156000.0,537302000.0,769965000.0,132095000.0,-57000.0,68714000.0,-1.2709126566581297,-0.609335093247676,45.22444085852846,16.591585339077362,-99.5777152170692,33.15892486870919,-0.007402933899592838,8.924301753975831,1.596474780612545,0.0,0,Risco
POSI3.SA,POSITIVO TECON      NM,2025-09-30,4446008000.0,2837598000.0,1596434000.0,805539000.0,702469000.0,654065000.0,741644000.0,151382000.0,943000.0,75692000.0,6.816443263897165,-0.08911930847421701,19.184436198355904,-3.6782191398310293,-1754.3859649122808,10.15513578019036,0.1271499533468888,10.20597483428707,1.7774602645646485,1.0,1,Atenção
POSI3.SA,POSITIVO TECON      NM,2025-12-31,4473551000.0,2897559000.0,1575992000.0,618362000.0,819532000.0,465466000.0,908452000.0,168885000.0,21250000.0,106177000.0,0.6194995600547815,-1.2804788672754364,-23.236243062098794,22.491653677505653,2153.4464475079535,40.27506209374836,2.3391439503683187,11.687684104388564,1.8385619977766385,2.0,1,Atenção
POSI3.SA,POSITIVO TECON      NM,2026-03-31,4384121000.0,2827329000.0,1556792000.0,605795000.0,787063000.0,449563000.0,679193000.0,106805000.0,-12305000.0,60881000.0,-1.9990830550495553,-1.2182802958390693,-2.0323047017766327,-25.23622601964661,-157.90588235294115,-42.660839918249714,-1.8117088957041665,8.963726069026036,1.8161250828627074,2.0,0,Risco
PRIO3.SA,PRIO        ON      NM,2025-03-31,9510313134.644426,4892589956.779087,4617723177.865338,722488066.515075,3093170401.485827,119579073.440836,753706000.0,236514000.0,352923000.0,417651000.0,,,,,,,46.82502195816406,55.41298596534988,1.059524308479837,1.0,1,Atenção
PRIO3.SA,PRIO        ON      NM,2025-06-30,10113787353.595797,5337473273.251359,4776314080.344438,868310285.693436,2992279344.692962,684881052.285912,607105848.870726,93876017.07593,124178859.415478,235021602.838691,6.345471599173935,3.434396051268096,20.18333948154123,-19.450575042426888,-64.814177762436,-43.7277528753215,20.45423539345937,38.711800137628934,1.1174879171401673,2.0,2,Saudável
PRIO3.SA,PRIO        ON      NM,2025-09-30,11217478731.196123,6344529457.058614,4872949274.13751,1767605686.705354,3988927826.919826,717054481.942645,669161079.497436,156369185.11841,65488196.518114,285622809.691733,10.91274058879561,2.0232169025639957,103.56843812966434,10.221484563546635,-47.2630069028067,21.530449219075653,9.786611703014463,42.68371524330823,1.3019896371036135,3.0,2,Saudável
PRIO3.SA,PRIO        ON      NM,2025-12-31,11713316725.069351,7008272010.512484,4705044714.55687,620216637.465323,4678923747.992408,323646517.739816,716068427.159368,52389855.427603,-171661349.018398,325849812.322676,4.420226735035282,-3.4456455451274515,-64.91204785489535,7.009873870303562,-362.1256320151014,14.08396012711981,-23.972757701296203,45.50540143423401,1.4895229345705665,2.0,0,Risco
PRIO3.SA,PRIO        ON      NM,2026-03-31,12175482000.0,7073254000.0,5102228000.0,535243000.0,4620259000.0,373134000.0,1241650000.0,532597000.0,458422000.0,776578000.0,3.945639700337833,8.441647413345299,-13.700638185487879,73.3982330327851,-367.0502140530587,138.32390587077765,36.92038819313011,62.544034148109375,1.3863069231716028,2.0,2,Saudável
PTBL3.SA,PORTOBELLO  ON      NM,2024-09-30,,,,,,,,,2618000.0,,,,,,,,,,,1.0,1,Atenção
PTBL3.SA,PORTOBELLO  ON      NM,2025-03-31,3611335000.0,3295543000.0,315773000.0,412042000.0,972864000.0,513627000.0,591855000.0,224106000.0,,60772000.0,,,,,,,,10.268055520355492,10.436430600462991,1.0,0,Risco
PTBL3.SA,PORTOBELLO  ON      NM,2025-06-30,3625763000.0,3377086000.0,248654000.0,286666000.0,1067626000.0,270964000.0,686794000.0,252387000.0,,73266000.0,0.3995198451542059,-21.255458826435447,-30.427966081127657,16.04092218533255,,20.55880997827948,,10.667827616432293,13.581466616261954,1.0,0,Risco
PTBL3.SA,PORTOBELLO  ON      NM,2025-09-30,3567099000.0,3372536000.0,194535000.0,247131000.0,1061075000.0,275235000.0,685068000.0,252962000.0,,84616000.0,-1.6179766851832311,-21.76478158404852,-13.79131114258405,-0.251312620669375,,15.491496737913902,,12.351474598142083,17.33639704937415,,0,Risco
PTBL3.SA,PORTOBELLO  ON      NM,2025-12-31,3483526000.0,3457024000.0,26475000.0,171306000.0,1068046000.0,266029000.0,642431000.0,202408000.0,,-6537000.0,-2.342884231696396,-86.39062379520395,-30.682107869915143,-6.223761728762689,,-107.72548926916896,,-1.0175411834111368,130.57692162417374,,0,Risco
PTBL3.SA,PORTOBELLO  ON      NM,2026-03-31,3595947000.0,3632882000.0,-36960000.0,185242000.0,1155497000.0,292168000.0,597185000.0,199437000.0,-41132000.0,73882000.0,3.2272186284816096,-239.60339943342777,8.135149965558707,-7.042935350255519,,-1230.2126357656418,-6.887647881309812,12.371710608940278,,0.0,0,Risco
QUAL3.SA,QUALICORP   ON      NM,2025-03-31,4414629000.0,3096272000.0,1297726000.0,467989000.0,1294258000.0,623679000.0,362189000.0,314171000.0,14067000.0,171074000.0,,,,,,,3.88388382860882,47.23335054350077,2.3859212191171326,1.0,1,Atenção
QUAL3.SA,QUALICORP   ON      NM,2025-06-30,3801619000.0,2470256000.0,1312984000.0,258475000.0,782551000.0,585449000.0,357190000.0,307889000.0,18122000.0,178529000.0,-13.88587806585786,1.1757489639569574,-44.769000980792285,-1.3802186151429252,28.826331129594095,4.3577633071068655,5.073490299280495,49.981522439038045,1.8814060186567392,2.0,1,Atenção
QUAL3.SA,QUALICORP   ON      NM,2025-09-30,3906812000.0,2564759000.0,1325596000.0,265645000.0,696142000.0,677103000.0,362823000.0,316533000.0,11955000.0,143303000.0,2.767057929792549,0.9605600677540682,2.773962665634966,1.5770318317982035,-34.03046021410441,-19.731248144559142,3.29499508024574,39.496669174776684,1.9347968762730123,3.0,1,Atenção
QUAL3.SA,QUALICORP   ON      NM,2025-12-31,3938536000.0,2630147000.0,1290436000.0,222668000.0,1082515000.0,666163000.0,355858000.0,313197000.0,-33479000.0,181237000.0,0.8120175734076751,-2.6523918297882587,-16.1783583353724,-1.9196688192314126,-380.0418235048097,26.471183436494705,-9.407966098837177,50.92958427237831,2.038184768558844,2.0,0,Risco
QUAL3.SA,QUALICORP   ON      NM,2026-03-31,3977357000.0,2655239000.0,1304086000.0,296206000.0,1050512000.0,718262000.0,334459000.0,294685000.0,18635000.0,157568000.0,0.9856708177861107,1.0577820209603628,33.025850144609905,-6.013353641059071,-155.66175811702857,-13.059695316077846,5.571684421707893,47.111305122600974,2.0360919448563974,2.0,1,Atenção
RADL3.SA,RAIADROGASILON      NM,2024-12-31,22163756000.0,15716869000.0,6433460000.0,528002000.0,2656820000.0,1588154000.0,10087619000.0,2987540000.0,348232000.0,462372000.0,,,,,,,3.4520732791355426,4.583559311667104,2.442988531832016,1.0,1,Atenção
RADL3.SA,RAIADROGASILON      NM,2025-03-31,22633253000.0,16132682000.0,6485912000.0,404381000.0,2408492000.0,1726191000.0,9272963000.0,2822047000.0,163967000.0,884961000.0,2.1183097305348397,0.815300009637121,-23.412979496289786,-8.075800642351783,-52.914436352776306,91.39588902442188,1.7682266175331445,9.543454449241304,2.4873421039323382,2.0,1,Atenção
RADL3.SA,RAIADROGASILON      NM,2025-06-30,23052470000.0,16365896000.0,6671833000.0,527020000.0,2758638000.0,1916263000.0,10831043000.0,3200886000.0,374004000.0,1182932000.0,1.8522171779726149,2.866535962868455,30.327587102262466,16.802396386138916,128.09711710283165,33.67052333379663,3.4530746484895314,10.921681319149041,2.4529834604673106,3.0,2,Saudável
RADL3.SA,RAIADROGASILON      NM,2025-12-31,25170475000.0,17834507000.0,7322129000.0,509619000.0,3359618000.0,1529284000.0,12103481000.0,3564930000.0,304918000.0,602193000.0,9.187757320582124,9.746886650190433,-3.3017722287579265,11.748065260197006,-18.47199495192565,-49.093185407107086,2.519258715736407,4.97537030875663,2.4356996441881864,3.0,1,Atenção
RADL3.SA,RAIADROGASILON      NM,2026-03-31,25272166000.0,17931769000.0,7340397000.0,441802000.0,3236090000.0,1442503000.0,10568589000.0,3394300000.0,158956000.0,988297000.0,0.40400906220483535,0.2494902780325159,-13.307392385291761,-12.681409587869808,-47.86926321174874,64.11632151154198,1.5040418356698326,9.3512672316049,2.442888170762426,3.0,1,Atenção
RAIL3.SA,RUMO S.A.   ON      NM,2025-03-31,51422656000.0,36617311000.0,14598934000.0,7853486000.0,20009027000.0,1666700000.0,2966750000.0,1283188000.0,-99866000.0,1498939000.0,,,,,,,-3.3661751074408026,50.52461447712143,2.5082181342829553,0.0,0,Risco
RAIL3.SA,RUMO S.A.   ON      NM,2025-06-30,50595277000.0,36984157000.0,13404714000.0,6091529000.0,20266051000.0,1661919000.0,3711393000.0,1825534000.0,328816000.0,2022528000.0,-1.608977568175396,-8.180186306753633,-22.43534909211018,25.09962079716861,-429.2572046542366,34.930640940024915,8.859638416087975,54.49511814027779,2.7590411104630803,1.0,1,Atenção
RAIL3.SA,RUMO S.A.   ON      NM,2025-09-30,51603310000.0,37595513000.0,13805550000.0,5430144000.0,20932009000.0,1496926000.0,3819265000.0,1839938000.0,409399000.0,1910926000.0,1.9923460444736696,2.9902614856236465,-10.857454671889444,2.9065097660096795,24.507019123157026,-5.517945857857098,10.719313794669917,50.03386777298774,2.7232173292625066,2.0,1,Atenção
RAIL3.SA,RUMO S.A.   ON      NM,2025-12-31,53783092000.0,39734654000.0,13842639000.0,7018132000.0,22277407000.0,1510279000.0,3350368000.0,1336968000.0,208709000.0,1583408000.0,4.224112755557741,0.2686528244075781,29.243939018928412,-12.277152802960778,-49.020637568728795,-17.139229881219887,6.229435094891069,47.26071882252935,2.870453675776707,3.0,2,Saudável
RAIL3.SA,RUMO S.A.   ON      NM,2026-03-31,53715644000.0,39613054000.0,13895329000.0,5424355000.0,21877713000.0,1652500000.0,3282303000.0,1449839000.0,93255000.0,1710975000.0,-0.12540744217531818,0.38063551321392275,-22.709418973595817,-2.0315678755288946,-55.31817027535948,8.05648323110657,2.841145378717321,52.127271613863805,2.850817997904188,3.0,1,Atenção
RAIZ4.SA,RAIZEN      PN      N2,2024-12-31,143846433000.0,123416785000.0,19852552000.0,9962863000.0,41358870000.0,15044343000.0,66872368000.0,2910357000.0,-2590476000.0,1093838000.0,,,,,,,-3.873761431627485,1.635709984129768,6.216671035542433,0.0,0,Risco
RAIZ4.SA,RAIZEN      PN      N2,2025-03-31,140999678000.0,122823740000.0,17588530000.0,21721393000.0,53197768000.0,7184030000.0,57726722000.0,1905088000.0,-2534925000.0,-803828000.0,-1.9790236995310129,-11.404186222506807,118.02360425913716,-13.67627059355816,-2.144432142972952,-173.48693316560588,-4.39125055463915,-1.3924712371507948,6.9831725562056635,0.0,0,Risco
RAIZ4.SA,RAIZEN      PN      N2,2025-06-30,135725711000.0,118895384000.0,16240566000.0,14596280000.0,55806901000.0,9344482000.0,54217561000.0,2094711000.0,-1846241000.0,1133868000.0,-3.7404106695903216,-7.663880949687096,-32.8022839050884,-6.0789195686531405,-27.16782547807134,-241.0585349104535,-3.405245396413166,2.091329781507508,7.3208891857586735,0.0,0,Risco
RAIZ4.SA,RAIZEN      PN      N2,2025-09-30,132793411000.0,118374813000.0,13847980000.0,17640535000.0,61174322000.0,9409919000.0,59910616000.0,2718543000.0,-2321070000.0,1358268000.0,-2.160460224076488,-14.73215896539567,20.85637573409116,10.500389348019556,25.71869003017482,19.790663463471937,-3.874221556994173,2.267157460040137,8.54816464206332,0.0,0,Risco
RAIZ4.SA,RAIZEN      PN      N2,2025-12-31,118686690000.0,119819184000.0,-1596884000.0,16787376000.0,61796539000.0,10471702000.0,60391723000.0,2488378000.0,-15554967000.0,-5426654000.0,-10.6230579467531,-111.53153023040183,-4.836355586721153,0.8030413174185957,570.1636314286084,-499.52748647542313,-25.756786240392575,-8.98575786618971,,0.0,0,Risco
RANI3.SA,IRANI       ON      NM,2025-03-31,3681575000.0,2269328000.0,1412247000.0,667138000.0,1632507000.0,143681000.0,423078000.0,173915000.0,58695000.0,179053000.0,,,,,,,13.873328322436999,42.32151045433702,1.6068917122854571,1.0,1,Atenção
RANI3.SA,IRANI       ON      NM,2025-06-30,3768111000.0,2345977000.0,1422134000.0,613937000.0,1621708000.0,167387000.0,413774000.0,215961000.0,104247000.0,247728000.0,2.3505157439411173,0.7000899984209497,-7.974512020001856,-2.1991216749630116,77.60797342192691,38.35456540800768,25.194188131685415,59.8703640151387,1.649617405954713,2.0,1,Atenção
RANI3.SA,IRANI       ON      NM,2025-09-30,3780942000.0,2347098000.0,1433844000.0,681453000.0,1572854000.0,193865000.0,433463000.0,157365000.0,41111000.0,176591000.0,0.34051544659909894,0.8234104521796182,10.997219584419904,4.758394679221034,-60.563853156445745,-28.715768907834395,9.484315847027313,40.7395786952981,1.6369270297187142,3.0,2,Saudável
RANI3.SA,IRANI       ON      NM,2025-12-31,3949686000.0,2497752000.0,1451934000.0,839834000.0,1676145000.0,239085000.0,415996000.0,153001000.0,37997000.0,162104000.0,4.463014772509077,1.2616435260739634,23.241661567268768,-4.029640361461073,-7.574615066527201,-8.203702340436381,9.133982057519784,38.96768238156136,1.7202930711726565,3.0,2,Saudável
RANI3.SA,IRANI       ON      NM,2026-03-31,3847148000.0,2375798000.0,1471350000.0,760220000.0,1472919000.0,374908000.0,409845000.0,126746000.0,19416000.0,148866000.0,-2.5961051081022646,1.3372508667749416,-9.479730518173834,-1.4786199867306449,-48.90122904439824,-8.166362335290922,4.7374007246642025,36.32251216923471,1.6147062221769124,3.0,1,Atenção
RAPT4.SA,RANDON PART PN      N1,2025-03-31,18121825000.0,13769279000.0,3105147000.0,2252828000.0,7625087000.0,1531531000.0,3191363000.0,849194000.0,-7670000.0,396115000.0,,,,,,,-0.24033618237724758,12.412094769538909,4.434340467617153,0.0,0,Risco
RAPT4.SA,RANDON PART PN      N1,2025-06-30,17465355000.0,13132583000.0,3056777000.0,1693480000.0,7378315000.0,1652968000.0,3298385000.0,797337000.0,-34929000.0,521412000.0,-3.622538017004362,-1.557736235997842,-24.828704188690832,3.3534887757989296,355.39765319426334,31.631470658773342,-1.0589728003250076,15.808100024709063,4.2962188605842035,0.0,0,Risco
RAPT4.SA,RANDON PART PN      N1,2025-09-30,18438468000.0,13732854000.0,3284652000.0,2608480000.0,7838114000.0,1584512000.0,3444219000.0,905835000.0,23149000.0,647572000.0,5.571676040939333,7.454747271390749,54.03075324184519,4.421375915789083,-166.27444244037906,24.195837456752045,0.6721117327324424,18.80170802147018,4.180915969180297,1.0,1,Atenção
RAPT4.SA,RANDON PART PN      N1,2025-12-31,18738010000.0,13990103000.0,3232963000.0,3821860000.0,8076979000.0,1632713000.0,3209299000.0,745044000.0,-231293000.0,233754000.0,1.6245492846802767,-1.5736522468742464,46.516745384285095,-6.820704490626173,-1099.1489913171195,-63.90301001278622,-7.206963265186572,7.283646677981702,4.327331614992191,1.0,0,Risco
RAPT4.SA,RANDON PART PN      N1,2026-03-31,18941908000.0,14336102000.0,3108189000.0,3487591000.0,7877721000.0,1766947000.0,3083897000.0,821328000.0,-47596000.0,454486000.0,1.088151836827933,-3.8594317349131435,-8.746238742392443,-3.9074576722206267,-79.42177238394589,94.42918623852425,-1.5433719089839901,14.737392331845065,4.612364949493097,1.0,0,Risco
RCSL4.SA,RECRUSUL    PN,2025-03-31,46651000.0,66032000.0,-19381000.0,4000.0,,,971000.0,293000.0,-2996000.0,-882000.0,,,,,,,-308.5478887744593,-90.83419155509783,,0.0,0,Risco
RCSL4.SA,RECRUSUL    PN,2025-06-30,41658000.0,65306000.0,-23642000.0,4000.0,,,375000.0,16000.0,-4587000.0,-3177000.0,-10.702878823605067,21.98544966719984,0.0,-61.38002059732235,53.104138851802404,260.2040816326531,-1223.1999999999998,-847.1999999999999,,0.0,0,Risco
RCSL4.SA,RECRUSUL    PN,2025-09-30,38565000.0,65752000.0,-27182000.0,89000.0,,,303000.0,37000.0,-4974000.0,-3885000.0,-7.424744346824141,14.973352508248027,2125.0,-19.199999999999996,8.436886854153048,22.28517469310671,-1641.5841584158416,-1282.1782178217823,,0.0,0,Risco
RCSL4.SA,RECRUSUL    PN,2025-12-31,32671000.0,55609000.0,-22673000.0,248000.0,,,-74000.0,-103000.0,-5282000.0,-2135000.0,-15.28328795539997,-16.588183356633067,178.65168539325845,-124.42244224422443,6.192199437072787,-45.04504504504504,,,,0.0,0,Risco
RCSL4.SA,RECRUSUL    PN,2026-03-31,33593000.0,47496000.0,-13686000.0,4000.0,,,0.0,0.0,-2716000.0,-524000.0,2.8220746227541227,-39.63745424072685,-98.38709677419355,-100.0,-48.58008330177963,-75.45667447306792,,,,0.0,0,Risco
RDOR3.SA,REDE D OR   ON      NM,2024-12-31,102597882000.0,75896014000.0,24702627000.0,6570751000.0,34955408000.0,4691615000.0,12848964000.0,2398309000.0,925025000.0,2728350000.0,,,,,,,7.1992185517836305,21.23400766007283,3.072386349840444,1.0,1,Atenção
RDOR3.SA,REDE D OR   ON      NM,2025-03-31,104304446000.0,76762789000.0,25002984000.0,7675521000.0,34984263000.0,3657418000.0,12973032000.0,2713668000.0,1040489000.0,3038712000.0,1.6633520758255083,1.2158909252850014,16.813451004306824,0.9655875757765386,12.482257236290906,11.375446698554082,8.020399548848719,23.42329842399217,3.0701451074799713,2.0,1,Atenção
RDOR3.SA,REDE D OR   ON      NM,2025-06-30,105709758000.0,77815308000.0,25362533000.0,5078114000.0,35071574000.0,3726572000.0,13960847000.0,2919696000.0,1001592000.0,5423867000.0,1.347317448002161,1.4380243574126927,-33.84013932083568,7.614372646271117,-3.738338415879461,78.49230200163753,7.174292505318625,38.85055827916458,3.0681205225045938,3.0,1,Atenção
RDOR3.SA,REDE D OR   ON      NM,2025-12-31,106548532000.0,84927445000.0,19351708000.0,3705415000.0,44521391000.0,2473260000.0,14376436000.0,3184192000.0,1172444000.0,3054467000.0,0.7934688489212194,-23.69962416608783,-27.031669631678213,2.9768179538103956,17.058043594597393,-43.684699495765656,8.15531749315338,21.246343669599334,4.3886278668528895,3.0,1,Atenção
RDOR3.SA,REDE D OR   ON      NM,2026-03-31,109771037000.0,87435329000.0,19769281000.0,5405822000.0,47025076000.0,2408596000.0,14341970000.0,3218757000.0,967326000.0,3592448000.0,3.0244480515226657,2.157809532884647,45.88978562455217,-0.23973952932423437,-17.49490807236849,17.61292559389249,6.744721959396093,25.048497521609654,4.4227875055243535,3.0,2,Saudável
RECV3.SA,PETRORECSA  ON  EJ  NM,2025-03-31,7454930000.0,2991140000.0,4463790000.0,315621000.0,1788205000.0,79647000.0,860752000.0,319886000.0,227529000.0,540180000.0,,,,,,,26.43374630555607,62.75675223525475,0.6700897667677019,1.0,1,Atenção
RECV3.SA,PETRORECSA  ON  EJ  NM,2025-06-30,7201845000.0,2763214000.0,4438631000.0,222608000.0,1797885000.0,39715000.0,806302000.0,253180000.0,238139000.0,513343000.0,-3.3948675574418496,-0.563624184829481,-29.46983882568017,-6.325863895756267,4.663141841259799,-4.968158761894181,29.534715280378816,63.66634338002386,0.6225374445408957,2.0,2,Saudável
RECV3.SA,PETRORECSA  ON  EJ  NM,2025-09-30,7897842000.0,3334343000.0,4563499000.0,277772000.0,2301589000.0,121332000.0,786385000.0,234176000.0,121937000.0,424875000.0,9.664148561931007,2.813209748681511,24.780780564939263,-2.4701662652455325,-48.79587131885159,-17.23370144328451,15.506018044596475,54.02887898421257,0.7306549207088684,3.0,2,Saudável
RECV3.SA,PETRORECSA  ON  EJ  NM,2025-12-31,8668015000.0,4337299000.0,4330716000.0,229508000.0,3040102000.0,84087000.0,704170000.0,214194000.0,50747000.0,319472000.0,9.751689132297159,-5.100976246516109,-17.37540140834929,-10.45480267299097,-58.382607412024235,-24.80800235363342,7.2066404419387355,45.36858997117174,1.0015200719696236,3.0,2,Saudável
RECV3.SA,PETRORECSA  ON  EJ  NM,2026-03-31,9068118000.0,4872128000.0,4195990000.0,272554000.0,3066158000.0,129856000.0,684456000.0,216597000.0,123797000.0,422935000.0,4.615854956411591,-3.110940546551655,18.755773219234186,-2.79960804919267,143.94939602341026,32.38562377923573,18.086918662412195,61.79140806713653,1.161139087557406,3.0,2,Saudável
RENT3.SA,LOCALIZA    ON      NM,2025-03-31,80956256000.0,54515870000.0,26432564000.0,1919431000.0,38479616000.0,4644157000.0,10139283000.0,2871122000.0,843247000.0,3645011000.0,,,,,,,8.316633434533784,35.94939602731278,2.0624510736075394,1.0,1,Atenção
RENT3.SA,LOCALIZA    ON      NM,2025-06-30,81318753000.0,55825235000.0,25487173000.0,1952985000.0,37798510000.0,4034380000.0,9900107000.0,2837405000.0,-167098000.0,2204534000.0,0.447768977853924,-3.576614814968382,1.748122229973359,-2.358904470858536,-119.81602069144628,-39.519139997108375,-1.6878403435437617,22.267779530059624,2.190326679228018,1.0,0,Risco
RENT3.SA,LOCALIZA    ON      NM,2025-09-30,83076114000.0,57934267000.0,25136785000.0,3132846000.0,39822039000.0,4375751000.0,10731975000.0,2136149000.0,259361000.0,3839368000.0,2.16107716260725,-1.3747621205380423,60.413213619152216,8.402616254551587,-255.2149038288908,74.15780387147579,2.4167126740418237,35.775036747662945,2.304760413871543,2.0,1,Atenção
RENT3.SA,LOCALIZA    ON      NM,2025-12-31,85566576000.0,60027564000.0,25535399000.0,1705451000.0,39010175000.0,4838972000.0,11010223000.0,3285299000.0,939963000.0,4209675000.0,2.9978075286477557,1.5857795656843088,-45.562245957828765,2.5927007843383976,262.41493516758493,9.644998864396426,8.537184033420576,38.23423921568164,2.3507588034947093,2.0,1,Atenção
RENT3.SA,LOCALIZA    ON      NM,2026-03-31,85467583000.0,59157971000.0,26309612000.0,1761162000.0,38029454000.0,4165746000.0,12284362000.0,3335230000.0,1221896000.0,4529733000.0,-0.11569120166734503,3.0319205116003944,3.2666432515504606,11.572326918355792,29.99405295740365,7.602914714318798,9.946759953833988,36.873978477677554,2.248530727097002,3.0,1,Atenção
RENT4.SA,LOCALIZA    PN      NM,2025-03-31,80956256000.0,54515870000.0,26432564000.0,1919431000.0,38479616000.0,4644157000.0,10139283000.0,2871122000.0,843247000.0,3645011000.0,,,,,,,8.316633434533784,35.94939602731278,2.0624510736075394,1.0,1,Atenção
RENT4.SA,LOCALIZA    PN      NM,2025-06-30,81318753000.0,55825235000.0,25487173000.0,1952985000.0,37798510000.0,4034380000.0,9900107000.0,2837405000.0,-167098000.0,2204534000.0,0.447768977853924,-3.576614814968382,1.748122229973359,-2.358904470858536,-119.81602069144628,-39.519139997108375,-1.6878403435437617,22.267779530059624,2.190326679228018,1.0,0,Risco
RENT4.SA,LOCALIZA    PN      NM,2025-09-30,83076114000.0,57934267000.0,25136785000.0,3132846000.0,39822039000.0,4375751000.0,10731975000.0,2136149000.0,259361000.0,3839368000.0,2.16107716260725,-1.3747621205380423,60.413213619152216,8.402616254551587,-255.2149038288908,74.15780387147579,2.4167126740418237,35.775036747662945,2.304760413871543,2.0,1,Atenção
RENT4.SA,LOCALIZA    PN      NM,2025-12-31,85566576000.0,60027564000.0,25535399000.0,1705451000.0,39010175000.0,4838972000.0,11010223000.0,3285299000.0,939963000.0,4209675000.0,2.9978075286477557,1.5857795656843088,-45.562245957828765,2.5927007843383976,262.41493516758493,9.644998864396426,8.537184033420576,38.23423921568164,2.3507588034947093,2.0,1,Atenção
RENT4.SA,LOCALIZA    PN      NM,2026-03-31,85467583000.0,59157971000.0,26309612000.0,1761162000.0,38029454000.0,4165746000.0,12284362000.0,3335230000.0,1221896000.0,4529733000.0,-0.11569120166734503,3.0319205116003944,3.2666432515504606,11.572326918355792,29.99405295740365,7.602914714318798,9.946759953833988,36.873978477677554,2.248530727097002,3.0,1,Atenção
RIAA3.SA,RIACHUELO   ON  EJ  NM,2025-03-31,13236323000.0,7853610000.0,5382713000.0,816890000.0,1266560000.0,1084332000.0,2168125000.0,1299487000.0,-26650000.0,331811000.0,,,,,,,-1.2291726722398386,15.304053041222254,1.4590430513386095,0.0,0,Risco
RIAA3.SA,RIACHUELO   ON  EJ  NM,2025-06-30,13546372000.0,8018943000.0,5527429000.0,715624000.0,1193715000.0,1135046000.0,2617337000.0,1583413000.0,143210000.0,468144000.0,2.342410350669133,2.688532715751335,-12.396528296343446,20.718916114153927,-637.3733583489682,41.08754682635596,5.47159192721457,17.88627142779092,1.4507545913298932,1.0,1,Atenção
RIAA3.SA,RIACHUELO   ON  EJ  NM,2025-09-30,13558233000.0,8013913000.0,5544320000.0,546611000.0,1195157000.0,1051291000.0,2397787000.0,1442068000.0,73584000.0,412278000.0,0.0875584990579048,0.3055851101841478,-23.617570120622,-8.388296959848883,-48.618113260247185,-11.933507638675279,3.068829716734639,17.194104397096154,1.4454275727230752,2.0,1,Atenção
RIAA3.SA,RIACHUELO   ON  EJ  NM,2025-12-31,14872670000.0,9519958000.0,5352712000.0,1415443000.0,1965516000.0,721528000.0,3333824000.0,2077834000.0,1285024000.0,1876564000.0,9.694751521086854,-3.455933279464385,158.94886857381206,39.03753752939689,1646.3361600347903,355.1695700473952,38.54504616920389,56.28863431302912,1.7785298368378497,3.0,2,Saudável
RIAA3.SA,RIACHUELO   ON  EJ  NM,2026-03-31,14094634000.0,8775521000.0,5319113000.0,1054529000.0,1785079000.0,946827000.0,2274251000.0,1372819000.0,5037000.0,356491000.0,-5.231313543566829,-0.6277005002324088,-25.498306890492938,-31.782511614290378,-99.60802288517569,-81.00299270368609,0.22147951127645982,15.675094789449362,1.64980909411024,3.0,1,Atenção
SAPR4.SA,SANEPAR     PN      N2,2025-03-31,24877802000.0,12841102000.0,12036700000.0,1809196000.0,5533642000.0,712450000.0,1805233000.0,963747000.0,1207993000.0,1432247000.0,,,,,,,66.916182010854,79.33862277057865,1.0668291142921233,1.0,1,Atenção
SAPR4.SA,SANEPAR     PN      N2,2025-06-30,24914480000.0,13130174000.0,11784306000.0,1393646000.0,5465365000.0,879451000.0,1705371000.0,982016000.0,263848000.0,492237000.0,0.14743263894454461,-2.0968704046790188,-22.968766236493998,-5.531806697528796,-78.15815157869292,-65.63183584954271,15.471589466456273,28.863924624026094,1.1142085074844459,2.0,2,Saudável
SAPR4.SA,SANEPAR     PN      N2,2025-09-30,26002141000.0,13971434000.0,12030707000.0,5850957000.0,5901199000.0,944979000.0,1804171000.0,1018024000.0,246401000.0,773650000.0,4.365577768430251,2.090924998044019,319.8309326758732,5.793460777742787,-6.6125193293108175,57.170224911983446,13.657297451294806,42.881190308457455,1.161314459740396,3.0,2,Saudável
SAPR4.SA,SANEPAR     PN      N2,2025-12-31,26465924000.0,14118143000.0,12347781000.0,5601480000.0,5971199000.0,997329000.0,1890952000.0,1091157000.0,361326000.0,829077000.0,1.7836338938397311,2.6355392081280016,-4.2638665777239515,4.810020779626756,46.6414503187893,7.164350804627406,19.10815293037581,43.84442333808579,1.1433749108443048,3.0,2,Saudável
SAPR4.SA,SANEPAR     PN      N2,2026-03-31,26827910000.0,14127448000.0,12700462000.0,5312563000.0,5508356000.0,1369898000.0,1946354000.0,1156893000.0,352681000.0,924443000.0,1.3677436691800438,2.8562297954587867,-5.157868991766456,2.9298469765493884,-2.392576233096977,11.502671042617262,18.120085041056253,47.49613893464396,1.1123570150440196,3.0,2,Saudável
SAUD3.SA,BRADSAUDE   ON      NM,2024-12-31,2122069000.0,893836000.0,1227769000.0,16531000.0,,6775000.0,585971000.0,174361000.0,114652000.0,500073000.0,,,,,,,19.56615600430738,85.34091277554691,0.728016426542778,1.0,1,Atenção
SAUD3.SA,BRADSAUDE   ON      NM,2025-03-31,2235903000.0,871130000.0,1364464000.0,21617000.0,,7027000.0,587800000.0,255398000.0,169724000.0,272498000.0,5.364293055503855,11.13360900951237,30.76643881192911,0.31213148773574506,48.03405086697137,-45.50835578005611,28.874447090847227,46.358965634569586,0.638441175435922,2.0,2,Saudável
SAUD3.SA,BRADSAUDE   ON      NM,2025-06-30,2118058000.0,826083000.0,1291697000.0,31530000.0,,6968000.0,603695000.0,224669000.0,147828000.0,236161000.0,-5.270577480328975,-5.333009885200346,45.857427025026595,2.704151071793137,-12.900945063750557,-13.33477676900381,24.487199662081018,39.11925724082525,0.6395331103192158,3.0,2,Saudável
SAUD3.SA,BRADSAUDE   ON      NM,2025-12-31,1948841000.0,666597000.0,1281813000.0,19948000.0,,6561000.0,611381000.0,180404000.0,122717000.0,443893000.0,-7.989252418961145,-0.7651949334867236,-36.73326990168094,1.2731594596609108,-16.986633114159698,87.96202590605562,20.072099067520906,72.60497136809944,0.5200423150646779,3.0,2,Saudável
SAUD3.SA,BRADSAUDE   ON      NM,2026-03-31,2124662000.0,690087000.0,1432191000.0,17540000.0,,6408000.0,614628000.0,237742000.0,152129000.0,248087000.0,9.021823740366708,11.731664447154145,-12.071385602566675,0.5310927228683981,23.967339488416428,-44.1110808235318,24.75139433934022,40.3637647487586,0.48184006183532785,3.0,2,Saudável
SBFG3.SA,GRUPO SBF   ON      NM,2025-03-31,8449215000.0,5542226000.0,2907108000.0,803209000.0,780769000.0,727665000.0,1554359000.0,772339000.0,67567000.0,232552000.0,,,,,,,4.346936582861488,14.961279858771364,1.9064396644362713,1.0,1,Atenção
SBFG3.SA,GRUPO SBF   ON      NM,2025-06-30,8435538000.0,5525038000.0,2910562000.0,429032000.0,434970000.0,748447000.0,1817700000.0,891908000.0,46411000.0,275195000.0,-0.161873026074022,0.11881223538994234,-46.5852598763211,16.9420963882861,-31.311143013601317,18.336974096116144,2.553281619629202,15.139737030313032,1.8982718801386125,2.0,1,Atenção
SBFG3.SA,GRUPO SBF   ON      NM,2025-09-30,9069848000.0,6091173000.0,2978675000.0,707345000.0,943785000.0,671919000.0,1936522000.0,917697000.0,86003000.0,351599000.0,7.519496681776561,2.3402009646247057,64.86998638796173,6.536942289706782,85.30736247872272,27.76358582096332,4.441106271965927,18.15620994752448,2.0449270229212653,3.0,2,Saudável
SBFG3.SA,GRUPO SBF   ON      NM,2025-12-31,9522546000.0,6462752000.0,3059794000.0,679969000.0,926217000.0,680464000.0,2427832000.0,1153139000.0,128081000.0,343296000.0,4.991241308564387,2.723324968316443,-3.8702471919643155,25.37074197969349,48.92620024882852,-2.361497046351102,5.275529773065022,14.140022868139146,2.1121526481848125,3.0,1,Atenção
SBFG3.SA,GRUPO SBF   ON      NM,2026-03-31,9111446000.0,6023719000.0,3087727000.0,223953000.0,908586000.0,677735000.0,1785429000.0,906211000.0,74211000.0,284987000.0,-4.317122752675595,0.9129045942308567,-67.06423381065902,-26.4599445101638,-42.05932183540103,-16.98505080164057,4.156480039251071,15.961822060692416,1.9508586737104672,3.0,1,Atenção
SBSP3.SA,SABESP      ON      NM,2024-12-31,80965430000.0,44037376000.0,36928054000.0,1682606000.0,21862569000.0,3133850000.0,,,,,,,,,,,,,1.1925181868505716,,0,Risco
SBSP3.SA,SABESP      ON      NM,2025-06-30,88719931000.0,48275810000.0,40444121000.0,4561016000.0,27736404000.0,3320659000.0,8964530000.0,3749139000.0,2135962000.0,4255950000.0,9.577545626571737,9.521398013553606,171.06856863698337,,,,23.826815237385564,47.47543931472146,1.1936422106936135,1.0,2,Saudável
SBSP3.SA,SABESP      ON      NM,2025-09-30,95987457000.0,53277182000.0,42710275000.0,4969019000.0,28918103000.0,5782620000.0,9424891000.0,2994404000.0,2158565000.0,4455476000.0,8.19153702903579,5.60317283196734,8.945441103473438,5.135361251510129,1.0582117097588828,4.688165979393566,22.90281128980696,47.27350162458112,1.2474090134048539,2.0,2,Saudável
SBSP3.SA,SABESP      ON      NM,2025-12-31,104202767000.0,61801643000.0,42401124000.0,4663226000.0,34929690000.0,5092816000.0,11276429000.0,3836261000.0,2685440000.0,5321890000.0,8.558732835270334,-0.7238328481846579,-6.153991361272714,19.645192713634565,24.408576994438434,19.446047964347702,23.814631387294682,47.19481672788433,1.4575472810579266,3.0,2,Saudável
SBSP3.SA,SABESP      ON      NM,2026-03-31,116718704000.0,72894679000.0,43700956000.0,3540240000.0,46648511000.0,4872680000.0,9964842000.0,3915527000.0,1749031000.0,4348299000.0,12.01113690195963,3.0655602431671314,-24.08174083778054,-11.631226516834358,-34.869853729742616,-18.29408349289444,17.552019389770553,43.636406879306264,1.6680339670372428,3.0,2,Saudável
SEER3.SA,SER EDUCA   ON      NM,2025-03-31,3410743000.0,2158872000.0,1251871000.0,316936000.0,588581000.0,391259000.0,539989000.0,327711000.0,43633000.0,156570000.0,,,,,,,8.080349784903026,28.99503508404801,1.724516343936396,1.0,1,Atenção
SEER3.SA,SER EDUCA   ON      NM,2025-06-30,3377912000.0,2063456000.0,1314456000.0,250983000.0,565713000.0,337625000.0,589237000.0,355275000.0,81326000.0,187046000.0,-0.9625761894109242,4.999317022281047,-20.809564076027964,9.120185781562217,86.38645062223547,19.46477613846842,13.801916716024282,31.743763545059117,1.5698174758226977,2.0,1,Atenção
SEER3.SA,SER EDUCA   ON      NM,2025-09-30,3358031000.0,2029103000.0,1328928000.0,280612000.0,508160000.0,357867000.0,514451000.0,294630000.0,14919000.0,122532000.0,-0.588558849372034,1.1009877850608918,11.805182024280537,-12.692006781651521,-81.65531318397561,-34.490980828245455,2.899984643824193,23.81801182231155,1.526872035204315,3.0,2,Saudável
SEER3.SA,SER EDUCA   ON      NM,2025-12-31,3299058000.0,1956206000.0,1342852000.0,261932000.0,464770000.0,332937000.0,572854000.0,333922000.0,74558000.0,181263000.0,-1.756177950709803,1.0477618050037218,-6.656878536912181,11.352490324637321,399.75199410148133,47.93115267848398,13.015183624448811,31.642093797023325,1.4567547279968307,3.0,2,Saudável
SEER3.SA,SER EDUCA   ON      NM,2026-03-31,3567953000.0,2150359000.0,1417594000.0,527617000.0,656939000.0,345453000.0,583763000.0,364616000.0,75903000.0,183320000.0,8.150659976272024,5.565914933291238,101.43281462364277,1.9043246621303078,1.8039646986238944,1.1348151580852228,13.002365686074658,31.403155047510715,1.5169075207711094,3.0,2,Saudável
SEQL3.SA,SEQUOIA LOG ON      NM,2024-09-30,1905298000.0,1584196000.0,306696000.0,13306000.0,201521000.0,245467000.0,216572000.0,3374000.0,-287754000.0,-202838000.0,,,,,,,-132.86759137838686,-93.65846000406331,5.165362443592352,0.0,0,Risco
SEQL3.SA,SEQUOIA LOG ON      NM,2024-12-31,1232156000.0,2156717000.0,-758374000.0,21853000.0,756673000.0,186926000.0,194622000.0,-37556000.0,-577538000.0,-699233000.0,-35.3300113683004,-347.27221744007096,64.23418006914174,-10.135197532460339,100.70546369468367,244.7248543172384,-296.748569020974,-359.2774712005837,,0.0,0,Risco
SEQL3.SA,SEQUOIA LOG ON      NM,2025-03-31,850058000.0,1522844000.0,-545311000.0,6202000.0,639634000.0,146663000.0,153642000.0,5978000.0,68160000.0,194490000.0,-31.010521395018166,-28.0947131626348,-71.61945728275295,-21.056201251657058,-111.8018208325686,-127.81476274718156,44.362869527863474,126.5864802593041,,1.0,1,Atenção
SEQL3.SA,SEQUOIA LOG ON      NM,2025-06-30,823106000.0,1557374000.0,-592212000.0,5225000.0,291706000.0,562802000.0,157528000.0,13929000.0,-106443000.0,-39598000.0,-3.170607182098162,8.600780105297702,-15.75298290873912,2.529256323140805,-256.1663732394366,-120.35991567689854,-67.57084454827078,-25.137118480524094,,1.0,0,Risco
SEQL3.SA,SEQUOIA LOG ON      NM,2025-09-30,794317000.0,1571112000.0,-622283000.0,10737000.0,260539000.0,531999000.0,152389000.0,10710000.0,-92593000.0,-8618000.0,-3.4976054116966693,5.077742430075727,105.49282296650718,-3.262277182469153,-13.011658822092576,-78.23627455932119,-60.76094731247006,-5.655263831378905,,1.0,0,Risco
SHUL4.SA,SCHULZ      PN,2025-03-31,2797605000.0,1328883000.0,1468255000.0,877540000.0,650212000.0,181532000.0,494118000.0,127460000.0,71605000.0,109225000.0,,,,,,,14.491477744182562,22.105043734492572,0.9050764342706138,1.0,1,Atenção
SHUL4.SA,SCHULZ      PN,2025-06-30,2807640000.0,1293412000.0,1513812000.0,910228000.0,559223000.0,185051000.0,538526000.0,136334000.0,74040000.0,183458000.0,0.3586996734707082,3.1027989007359036,3.724958406454415,8.987326913814119,3.400600516723684,67.96337834744793,13.748639805691834,34.06669315873329,0.8544072843919852,2.0,2,Saudável
SHUL4.SA,SCHULZ      PN,2025-09-30,2918196000.0,1363848000.0,1553734000.0,26658000.0,620928000.0,264512000.0,513525000.0,122732000.0,68839000.0,161677000.0,3.9376843185023658,2.637183481172034,-97.07128323892475,-4.642487085117519,-7.024581307401401,-11.872472173467497,13.405189620758485,31.483764178959156,0.8777873175202447,3.0,2,Saudável
SHUL4.SA,SCHULZ      PN,2025-12-31,3093604000.0,1593597000.0,1499348000.0,1144896000.0,602002000.0,378278000.0,392695000.0,69499000.0,74552000.0,121528000.0,6.010836832070221,-3.500341757340708,4194.75579563358,-23.5295263132272,8.299074652449923,-24.83284573563339,18.984708234125723,30.947172742204508,1.0628599898089035,3.0,2,Saudável
SHUL4.SA,SCHULZ      PN,2026-03-31,2990972000.0,1461655000.0,1528641000.0,971416000.0,492176000.0,316001000.0,448037000.0,96259000.0,55642000.0,96158000.0,-3.3175545415638164,1.9537158818366374,-15.152467997093188,14.092871057691081,-25.364846013520758,-20.87584754130736,12.41906360412198,21.46206674895154,0.9561793776301957,3.0,2,Saudável
SIMH3.SA,SIMPAR      ON      NM,2025-03-31,83592664000.0,77795388000.0,2824124000.0,1862851000.0,49177339000.0,8825998000.0,10443086000.0,2708865000.0,-50953000.0,2883207000.0,,,,,,,-0.48791133195685643,27.608764305876633,27.54673236727566,0.0,0,Risco
SIMH3.SA,SIMPAR      ON      NM,2025-06-30,84130593000.0,77802578000.0,3359095000.0,2278565000.0,48907020000.0,8240404000.0,10611623000.0,2849274000.0,-96291000.0,3619714000.0,0.6435122105930224,18.94290052419794,22.31600917088914,1.6138620327363018,88.98004042941534,25.544714618131813,-0.9074106760106347,34.110842422502195,23.161767678496737,0.0,0,Risco
SIMH3.SA,SIMPAR      ON      NM,2025-09-30,84174712000.0,78002420000.0,3151220000.0,3215230000.0,47089072000.0,9050991000.0,11390347000.0,2973544000.0,-246193000.0,3686803000.0,0.052441090008725766,-6.188422774586611,41.10767083668887,7.33840619856172,155.67602371976614,1.8534337243218735,-2.1614179093929273,32.36778475668915,24.75308610633342,0.0,0,Risco
SIMH3.SA,SIMPAR      ON      NM,2025-12-31,88642122000.0,81231121000.0,4512820000.0,3029953000.0,47519787000.0,10639503000.0,10995240000.0,2815085000.0,432908000.0,3727750000.0,5.307306545937451,43.20866204200278,-5.762480444633821,-3.4687880887210865,-275.84090530599974,1.1106370478704664,3.9372310199686407,33.9033072493188,18.000079994327272,1.0,0,Risco
SIMH3.SA,SIMPAR      ON      NM,2026-03-31,89154026000.0,82021549000.0,4254846000.0,3526862000.0,49901853000.0,9925789000.0,11075616000.0,2976197000.0,-179597000.0,3112421000.0,0.5774952003066991,-5.71646996778068,16.399891351450012,0.7310072358584163,-141.48618182154175,-16.506713164777675,-1.621553148827117,28.101561123101416,19.27720744769611,1.0,0,Risco
SLCE3.SA,SLC AGRICOLAON      NM,2025-03-31,17469088000.0,12374325000.0,4911402000.0,1253397000.0,3601312000.0,3384203000.0,2834672000.0,1076055000.0,460672000.0,1163598000.0,,,,,,,16.25133348761338,41.04877036919968,2.519509704153722,1.0,1,Atenção
SLCE3.SA,SLC AGRICOLAON      NM,2025-06-30,17610712000.0,12357065000.0,5179102000.0,1149612000.0,4647386000.0,3033157000.0,2254859000.0,656027000.0,161688000.0,813123000.0,0.8107120417505387,5.450582135202953,-8.280297463612884,-20.45432416872217,-64.90170880800223,-30.11993832921679,7.170647920779081,36.06092443030806,2.3859474094157638,2.0,1,Atenção
SLCE3.SA,SLC AGRICOLAON      NM,2025-09-30,20525452000.0,15188556000.0,5265743000.0,1720578000.0,5537234000.0,3214356000.0,2379036000.0,622572000.0,-10988000.0,660091000.0,16.550949217726128,1.67289618933939,49.66597425914134,5.507084921939698,-106.79580426500421,-18.82027688307919,-0.4618677481131013,27.746154324692856,2.884408904878191,2.0,0,Risco
SLCE3.SA,SLC AGRICOLAON      NM,2025-12-31,21341432000.0,15685997000.0,5031103000.0,2647586000.0,6344568000.0,1845394000.0,2290647000.0,574275000.0,-55799000.0,331301000.0,3.97545447476626,-4.45597136054684,53.87770853747984,-3.7153283935173698,407.8176192209683,-49.809798951962684,-2.4359493191225012,14.463206246968651,3.1178047835633658,1.0,0,Risco
SLCE3.SA,SLC AGRICOLAON      NM,2026-03-31,19813037000.0,13843270000.0,5314853000.0,921862000.0,6144357000.0,1752893000.0,2665069000.0,943164000.0,229072000.0,831113000.0,-7.16163282763781,5.639916336437567,-65.18103661221959,16.34568748480232,-510.5306546712307,150.86341423660053,8.595349688882353,31.1854214656356,2.60463835970628,1.0,0,Risco
SMFT3.SA,SMART FIT   ON      NM,2024-12-31,18350301000.0,12878523000.0,5455896000.0,1490624000.0,5154890000.0,1409489000.0,1540599000.0,646502000.0,164401000.0,801006000.0,,,,,,,10.671238914214536,51.99315331244535,2.3604780956235234,1.0,1,Atenção
SMFT3.SA,SMART FIT   ON      NM,2025-03-31,18255067000.0,12711563000.0,5527218000.0,1446809000.0,5135083000.0,1468758000.0,1678174000.0,717120000.0,120520000.0,862385000.0,-0.5189778630879105,1.307246325809719,-2.939373041088833,8.929968148752533,-26.691443482703882,7.662739105574734,7.181615255629035,51.38829465836081,2.2998121297187843,2.0,1,Atenção
SMFT3.SA,SMART FIT   ON      NM,2025-06-30,18455968000.0,12800496000.0,5639224000.0,1059223000.0,5121175000.0,1515342000.0,1791140000.0,774384000.0,159789000.0,963978000.0,1.1005218441542786,2.0264444065712706,-26.789023291948,6.731483147754647,32.58297378028543,11.78046927996197,8.921078196009246,53.81924361021473,2.2699038023671343,3.0,1,Atenção
SMFT3.SA,SMART FIT   ON      NM,2025-12-31,21497648000.0,15834242000.0,5661543000.0,1330801000.0,6538069000.0,1728550000.0,1948225000.0,822413000.0,214278000.0,1034544000.0,16.480739455118254,0.39578140538485407,25.63936017250381,8.77011288899807,34.100595159867076,7.320291541923152,10.99862695530547,53.101874783456736,2.7968068069075867,3.0,2,Saudável
SMFT3.SA,SMART FIT   ON      NM,2026-03-31,22655107000.0,16726194000.0,5924379000.0,2737186000.0,7554816000.0,1906716000.0,2102104000.0,931120000.0,172026000.0,1106680000.0,5.384119230159512,4.642479974098923,105.67958695552528,7.89842035699162,-19.718309859154925,6.972733880820914,8.183515182883434,52.64630103933964,2.823282237682633,3.0,2,Saudável
SMTO3.SA,SAO MARTINHOON      NM,2025-03-31,21769383000.0,15070021000.0,6699362000.0,898588000.0,7322440000.0,1019782000.0,1737575000.0,276979000.0,105041000.0,759645000.0,,,,,,,6.045264233198567,43.71868840193949,2.249471069036126,1.0,1,Atenção
SMTO3.SA,SAO MARTINHOON      NM,2025-06-30,21912196000.0,14977881000.0,6934315000.0,190344000.0,7150778000.0,838166000.0,1857161000.0,432552000.0,62829000.0,523003000.0,0.656026861211445,3.5070951532399697,-78.81743357356208,6.882350402140913,-40.18621300254186,-31.15165636580245,3.3830669500382577,28.161424884541514,2.159965476041974,2.0,1,Atenção
SMTO3.SA,SAO MARTINHOON      NM,2025-09-30,22657138000.0,15685655000.0,6971483000.0,113452000.0,7948704000.0,954837000.0,1738644000.0,531811000.0,176416000.0,564250000.0,3.399668385587651,0.5360010325461184,-40.39633505652923,-6.381622271843956,180.78753441881932,7.886570440322527,10.146758048226088,32.453452230588894,2.249973929506821,3.0,1,Atenção
SMTO3.SA,SAO MARTINHOON      NM,2025-12-31,23139359000.0,15840741000.0,7298618000.0,45593000.0,8562844000.0,894515000.0,1592302000.0,462443000.0,424081000.0,516132000.0,2.1283403049405347,4.692473609990877,-59.812960547191764,-8.417019240281508,140.3869263558861,-8.527780239255645,26.633201490671997,32.41420283338211,2.1703754053164586,3.0,1,Atenção
SMTO3.SA,SAO MARTINHOON      NM,2026-03-31,23418195000.0,16053975000.0,7364220000.0,95263000.0,8453753000.0,1064532000.0,2243658000.0,521590000.0,172851000.0,820297000.0,1.20502905892943,0.8988276958733721,108.94216217401795,40.90656169495486,-59.24104121618276,58.931629893128125,7.703981622867656,36.56069686199947,2.179996659524023,3.0,2,Saudável
SOJA3.SA,BOA SAFRA   ON      NM,2025-03-31,3474845000.0,1510878000.0,1347513000.0,454683000.0,773136000.0,78503000.0,109630000.0,-158000.0,311000.0,30047000.0,,,,,,,0.2836814740490742,27.407643893094956,1.1212344519125232,1.0,1,Atenção
SOJA3.SA,BOA SAFRA   ON      NM,2025-06-30,3586824000.0,1617295000.0,1353141000.0,97249000.0,771633000.0,88441000.0,125124000.0,47202000.0,5628000.0,68283000.0,3.2225610063182586,0.417658308305735,-78.61169210196994,14.132992793943266,1709.646302250804,127.25396878224116,4.497938045458905,54.57226431380071,1.1952154283995533,2.0,1,Atenção
SOJA3.SA,BOA SAFRA   ON      NM,2025-09-30,4102580000.0,2067157000.0,1390680000.0,288432000.0,1263422000.0,74259000.0,1129209000.0,146314000.0,35025000.0,109644000.0,14.379183366677605,2.774212000079812,196.59122458842765,802.4719478277549,522.3347547974414,60.57290980185406,3.1017287322364595,9.709805713557012,1.486436131964219,3.0,2,Saudável
SOJA3.SA,BOA SAFRA   ON      NM,2025-12-31,3608313000.0,1640583000.0,1331144000.0,526878000.0,1256636000.0,76773000.0,1231655000.0,58992000.0,-21371000.0,27201000.0,-12.047711440118169,-4.281071130669889,82.6697453819271,9.072368356964922,-161.01641684511063,-75.19152894823247,-1.7351449878415626,2.2084918260389474,1.232460950881347,2.0,0,Risco
SOJA3.SA,BOA SAFRA   ON      NM,2026-03-31,3463523000.0,2110861000.0,1336520000.0,252151000.0,1563868000.0,70024000.0,132079000.0,27126000.0,5376000.0,64495000.0,-4.0126785010058725,0.40386314328126893,-52.14243145472006,-89.27629896358964,-125.15558467081559,137.10525348332783,4.070291265076205,48.83062409618486,1.5793710531828928,2.0,1,Atenção
SUZB3.SA,SUZANO S.A. ON      NM,2024-12-31,165936105000.0,133520530000.0,32284269000.0,9018818000.0,90934144000.0,11373615000.0,14176998000.0,5416281000.0,-6743658000.0,,,,,,,,-47.56760211153306,,4.135776777228563,0.0,0,Risco
SUZB3.SA,SUZANO S.A. ON      NM,2025-03-31,155244885000.0,116709239000.0,38398266000.0,9914505000.0,87613961000.0,4298932000.0,11552921000.0,3823754000.0,6340760000.0,13929053000.0,-6.4429739386735685,18.938006618641424,9.931312506805213,-18.50939811093999,-194.02552739181021,,54.88447467095118,120.56736993181205,3.0394403486865786,1.0,1,Atenção
SUZB3.SA,SUZANO S.A. ON      NM,2025-06-30,159422893000.0,116151588000.0,43137811000.0,12283589000.0,88745316000.0,3719863000.0,13295895000.0,4687771000.0,5004695000.0,11745812000.0,2.6912371380222844,12.343122473290858,23.89513142612767,15.086868507107432,-21.071054573899662,-15.674008850422204,37.640903451779664,88.34164228884178,2.692570283642812,2.0,2,Saudável
SUZB3.SA,SUZANO S.A. ON      NM,2025-12-31,167935519000.0,123983346000.0,43812045000.0,15179753000.0,91796352000.0,3862715000.0,13113718000.0,4015266000.0,109218000.0,4810742000.0,5.339650937083418,1.5629768510970532,23.577506541451363,-1.3701747795090147,-97.81768918985073,-59.04291674343162,0.832853047472883,36.684805941381384,2.829891779760566,3.0,2,Saudável
SUZB3.SA,SUZANO S.A. ON      NM,2026-03-31,165825010000.0,117642279000.0,48036016000.0,12176019000.0,87301230000.0,4334762000.0,10968416000.0,3160840000.0,4305404000.0,10712617000.0,-1.2567377125264345,9.641118098915502,-19.787765980118387,-16.359220169291422,3842.0278708637766,122.68117891169385,39.252741690322466,97.6678583306833,2.4490432137419558,3.0,2,Saudável
TASA4.SA,TAURUS ARMASPN      N2,2025-03-31,2537349000.0,1269170000.0,1268179000.0,59042000.0,283021000.0,465459000.0,349094000.0,112907000.0,18627000.0,45260000.0,,,,,,,5.335812130830091,12.964989372489931,1.0007814354282794,1.0,1,Atenção
TASA4.SA,TAURUS ARMASPN      N2,2025-06-30,2563359000.0,1288790000.0,1274569000.0,48795000.0,353586000.0,450804000.0,402445000.0,152848000.0,33163000.0,73929000.0,1.0250856307114198,0.5038720874576796,-17.355441888824906,15.282703226065175,78.03725774413486,63.34290764471939,8.24038067313546,18.36996359751022,1.0111574971617856,2.0,1,Atenção
TASA4.SA,TAURUS ARMASPN      N2,2025-09-30,2489835000.0,1195360000.0,1294475000.0,50007000.0,145896000.0,630846000.0,320289000.0,99731000.0,31475000.0,69567000.0,-2.868267768970323,1.5617828458090566,2.4838610513372217,-20.414218091913185,-5.09000995084884,-5.900255650691877,9.827062434239078,21.72007156037204,0.9234322794955484,3.0,2,Saudável
TASA4.SA,TAURUS ARMASPN      N2,2025-12-31,2586405000.0,1338952000.0,1247453000.0,67547000.0,245168000.0,662127000.0,391201000.0,136749000.0,-65592000.0,-7648000.0,3.8785702667044175,-3.632515112304213,35.07508948747176,22.14000480815763,-308.3939634630659,-110.99371828596891,-16.76682830565362,-1.9550052274917498,1.073348655219876,2.0,0,Risco
TASA4.SA,TAURUS ARMASPN      N2,2026-03-31,2474322000.0,1286821000.0,1187501000.0,41880000.0,239475000.0,619766000.0,354917000.0,100094000.0,-36618000.0,4008000.0,-4.333544050525728,-4.805952609036169,-37.99872681244171,-9.275027415574089,-44.17306988657154,-152.40585774058576,-10.317341801040806,1.1292781129109057,1.08363782430499,1.0,0,Risco
TEND3.SA,TENDA       ON      NM,2025-03-31,5138526000.0,4031344000.0,1083724000.0,76258000.0,602484000.0,427895000.0,865237000.0,271185000.0,85505000.0,149508000.0,,,,,,,9.8822634723203,17.27942748634189,3.7198991625173936,1.0,1,Atenção
TEND3.SA,TENDA       ON      NM,2025-06-30,5850578000.0,4651245000.0,1179662000.0,139328000.0,695414000.0,499986000.0,991483000.0,295120000.0,203861000.0,256517000.0,13.857125564802054,8.852622992570058,82.70607673948962,14.590915552617378,138.41997544003272,71.57409636942505,20.561219909973243,25.872052269176578,3.9428624470399147,2.0,2,Saudável
TEND3.SA,TENDA       ON      NM,2025-09-30,6190365000.0,4948789000.0,1227284000.0,164615000.0,716461000.0,407648000.0,1135356000.0,334425000.0,111670000.0,169942000.0,5.807750960674318,4.036919049693899,18.149259301791453,14.510889243688485,-45.22248002315303,-33.75019979182666,9.835681495495686,14.968168574438327,4.032309555082605,3.0,2,Saudável
TEND3.SA,TENDA       ON      NM,2025-12-31,6625534000.0,5420670000.0,1199594000.0,30163000.0,951649000.0,370971000.0,1062911000.0,236259000.0,104634000.0,167299000.0,7.029779342575115,-2.2562014985936463,-81.67663943140055,-6.380817998936017,-6.300707441568909,-1.5552364924503626,9.84409795363864,15.739699749085295,4.518753845050909,3.0,1,Atenção
TEND3.SA,TENDA       ON      NM,2026-03-31,7096360000.0,5737963000.0,1357899000.0,88927000.0,978283000.0,446993000.0,1184817000.0,399552000.0,183430000.0,281575000.0,7.1062347578323415,13.196548165462652,194.82147001292972,11.469069376457664,75.30630578970508,68.30644534635593,15.4817157417559,23.765273455731982,4.225618400190294,3.0,2,Saudável
TIMS3.SA,TIM         ON      NM,2025-03-31,56458894000.0,32003347000.0,24455547000.0,2840368000.0,2669328000.0,1916086000.0,6393641000.0,3309639000.0,797622000.0,3072518000.0,,,,,,,12.47523906956928,48.05584173399789,1.308633456450596,1.0,1,Atenção
TIMS3.SA,TIM         ON      NM,2025-06-30,56954895000.0,31829409000.0,25125486000.0,2994617000.0,1955459000.0,2548156000.0,6599933000.0,3512812000.0,975386000.0,3738920000.0,0.8785170322323399,2.7394153154701506,5.430599133633396,3.2265183484653015,22.286747356517257,21.68911622324101,14.778725784034474,56.650878122550644,1.2668176448407804,2.0,2,Saudável
TIMS3.SA,TIM         ON      NM,2025-09-30,57371375000.0,32158148000.0,25213227000.0,3673535000.0,1899755000.0,2560862000.0,6710987000.0,3685333000.0,1207705000.0,3823728000.0,0.7312453126285368,0.3492111555573496,22.67127983311388,1.6826534451183095,23.818160195040726,2.268248585152932,17.995937110293912,56.97713316983031,1.2754475260148175,3.0,2,Saudável
TIMS3.SA,TIM         ON      NM,2025-12-31,56939179000.0,32961788000.0,23977391000.0,3610324000.0,1853097000.0,2628525000.0,6920160000.0,3850353000.0,1331270000.0,3838325000.0,-0.7533303847084061,-4.9015383869744245,-1.7207131550400323,3.1168738666905504,10.231389287946978,0.3817478649108974,19.23756098124899,55.465841830246696,1.3747028607074057,3.0,2,Saudável
TIMS3.SA,TIM         ON      NM,2026-03-31,57796095000.0,33375971000.0,24420124000.0,4021768000.0,1853111000.0,2623233000.0,6806150000.0,3564132000.0,817093000.0,3363087000.0,1.5049672563771876,1.8464602758490267,11.396317892798535,-1.6475052599939866,-38.623044160838894,-12.381390319996354,12.005215870940253,49.41247254321459,1.3667404391558373,3.0,2,Saudável
TOTS3.SA,TOTVS       ON      NM,2024-12-31,8531721000.0,3544600000.0,4681352000.0,1942162000.0,1472286000.0,120978000.0,1383852000.0,957102000.0,184997000.0,338018000.0,,,,,,,13.368264814445475,24.425877911799816,0.7571744231153735,1.0,1,Atenção
TOTS3.SA,TOTVS       ON      NM,2025-03-31,8685594000.0,3574096000.0,4799781000.0,1943040000.0,1473502000.0,93483000.0,1386312000.0,983487000.0,194647000.0,374970000.0,1.803539989176861,2.529803355953586,0.045207351394993545,0.17776467425707487,5.216300804877916,10.931962203196278,14.040634431498825,27.04802382147742,0.744637307410484,2.0,2,Saudável
TOTS3.SA,TOTVS       ON      NM,2025-06-30,8962553000.0,3747300000.0,4897167000.0,2094240000.0,1474718000.0,155497000.0,1488068000.0,1029455000.0,188718000.0,399732000.0,3.188716856901208,2.028967571645457,7.781620553359692,7.340050435976897,-3.046026910252919,6.603728298263856,12.682081732824038,26.86248209087219,0.7651975111324568,3.0,2,Saudável
TOTS3.SA,TOTVS       ON      NM,2025-12-31,9452171000.0,4008714000.0,5105280000.0,1785703000.0,1477270000.0,142572000.0,1259469000.0,897488000.0,265067000.0,372201000.0,5.4629300379032575,4.249661079558864,-14.73264764305906,-15.362133988500526,40.456660201994524,-6.887364534237939,21.04593284947863,29.55221605295565,0.7852094302369311,3.0,2,Saudável
TOTS3.SA,TOTVS       ON      NM,2026-03-31,13053566000.0,7748253000.0,4963956000.0,1432828000.0,4471353000.0,166364000.0,1697046000.0,1216966000.0,228830000.0,526722000.0,38.10124679293254,-2.768192929672808,-19.76112489030931,34.74297501566137,-13.670883210659944,41.51547147912016,13.484018700730562,31.037579417411195,1.560902836366801,3.0,2,Saudável
TTEN3.SA,3TENTOS     ON      NM,2025-03-31,9833353000.0,5670914000.0,4153036000.0,1539875000.0,1199140000.0,1017412000.0,3499108000.0,511333000.0,192333000.0,345776000.0,,,,,,,5.496629426699605,9.881832741372945,1.3654863574503087,1.0,1,Atenção
TTEN3.SA,3TENTOS     ON      NM,2025-06-30,11584408000.0,7090114000.0,4484862000.0,1686809000.0,2345835000.0,1725118000.0,3562877000.0,723696000.0,331555000.0,582901000.0,17.807303368444117,7.989962042226462,9.54194333955678,1.822435889375229,72.38591401371579,68.57763407523947,9.305822232987556,16.360402000967195,1.5808990332366972,2.0,1,Atenção
TTEN3.SA,3TENTOS     ON      NM,2025-09-30,12381553000.0,7678482000.0,4693380000.0,2123163000.0,2172510000.0,1930039000.0,4994879000.0,545077000.0,203521000.0,329247000.0,6.881188922213366,4.649373826886971,25.868607530550292,40.192294036532836,-38.61621752047172,-43.51579427724433,4.074593198353754,6.591691210137422,1.6360239315802259,3.0,2,Saudável
TTEN3.SA,3TENTOS     ON      NM,2025-12-31,13104355000.0,8404441000.0,4694617000.0,2560066000.0,2316623000.0,2352436000.0,4366830000.0,704265000.0,88258000.0,161539000.0,5.837732956439301,0.026356272025696015,20.57793019188823,-12.573858145512629,-56.63445049896572,-50.936834656048504,2.0210999741231053,3.6992280441418606,1.7902293200915005,3.0,2,Saudável
TTEN3.SA,3TENTOS     ON      NM,2026-03-31,14646091000.0,9865477000.0,4773430000.0,2386696000.0,2426768000.0,2317516000.0,4206948000.0,651073000.0,89119000.0,219894000.0,11.765065888401228,1.678795096596808,-6.772091032028083,-3.6612828985785995,0.9755489587346178,36.124403394845814,2.118376552312983,5.226924601872902,2.066748019767756,3.0,1,Atenção
TUPY3.SA,TUPY        ON      NM,2024-12-31,11510863000.0,8011516000.0,3491580000.0,2376203000.0,4132189000.0,799061000.0,2493426000.0,423441000.0,-97615000.0,177333000.0,,,,,,,-3.9148946068581942,7.1120217724528425,2.294524541897937,0.0,0,Risco
TUPY3.SA,TUPY        ON      NM,2025-03-31,10693230000.0,7371450000.0,3314057000.0,1713478000.0,3958966000.0,299141000.0,2483044000.0,381084000.0,-12439000.0,169015000.0,-7.1031424837564305,-5.084317128635174,-27.890083465091152,-0.4163748994355565,-87.25708139117964,-4.690610320696087,-0.5009576954737814,6.806766211150507,2.2242978922812733,0.0,0,Risco
TUPY3.SA,TUPY        ON      NM,2025-06-30,10129697000.0,6956795000.0,3163243000.0,1436624000.0,3848700000.0,370944000.0,2627369000.0,364904000.0,22276000.0,220695000.0,-5.269997933271798,-4.5507364538388995,-16.15742950887026,5.81242217214033,-279.08191976847013,30.577167707008247,0.8478443644573717,8.39984790868736,2.1992603793006102,1.0,1,Atenção
TUPY3.SA,TUPY        ON      NM,2025-12-31,9391641000.0,6878265000.0,2503342000.0,1853156000.0,3881960000.0,437672000.0,2183334000.0,175491000.0,-627071000.0,-247861000.0,-7.286061962169255,-20.861533559072132,28.993807704729967,-16.900366868909543,-2915.0071826180642,-212.30929563424635,-28.7208003905953,-11.352408747356108,2.747632964253386,1.0,0,Risco
TUPY3.SA,TUPY        ON      NM,2026-03-31,9225620000.0,6896637000.0,2317430000.0,1821335000.0,3770090000.0,368335000.0,2306159000.0,234030000.0,-96543000.0,84795000.0,-1.767752834675007,-7.4265521850390375,-1.7171247320786787,5.62557080135242,-84.60413573582576,-134.2107068074445,-4.186311524920875,3.6768930503057247,2.9759850351466928,1.0,0,Risco
UGPA3.SA,ULTRAPAR    ON      NM,2025-03-31,37754597000.0,21864191000.0,15195537000.0,1436088000.0,10976954000.0,2901421000.0,33329262000.0,2141631000.0,332846000.0,1286583000.0,,,,,,,0.9986599763295089,3.8602204873303223,1.4388560930752234,1.0,1,Atenção
UGPA3.SA,ULTRAPAR    ON      NM,2025-06-30,45608193000.0,27212424000.0,16073684000.0,2897418000.0,14158009000.0,3406421000.0,34055043000.0,2147707000.0,1088364000.0,2595613000.0,20.80169469164246,5.77897970963448,101.75769172919766,2.1776089731599724,226.98725536734705,101.74469894285872,3.1958967134471097,7.621816833412896,1.692979904295742,2.0,1,Atenção
UGPA3.SA,ULTRAPAR    ON      NM,2025-09-30,45564670000.0,26898084000.0,16387743000.0,2534050000.0,14143403000.0,2978484000.0,37033855000.0,2477576000.0,709188000.0,2258863000.0,-0.0954280297840393,1.9538706870185996,-12.541096935271334,8.74705106083702,-34.83907957264297,-12.973813892903141,1.9149721248301048,6.099454134601974,1.6413537849598936,3.0,1,Atenção
UGPA3.SA,ULTRAPAR    ON      NM,2025-12-31,49348994000.0,31618377000.0,15666272000.0,3175125000.0,15842130000.0,4594856000.0,37951380000.0,2591927000.0,323455000.0,1724733000.0,8.305390997015882,-4.4025037492960495,25.29843531106333,2.4775303570206297,-54.390796234566864,-23.645967019690882,0.8522878482943176,4.544585730479366,2.018245119196194,3.0,2,Saudável
UGPA3.SA,ULTRAPAR    ON      NM,2026-03-31,50217114000.0,31707294000.0,16470356000.0,3860512000.0,15067921000.0,4667843000.0,36751570000.0,3173938000.0,875574000.0,2642552000.0,1.7591442694860238,5.1325803611733445,21.586142277863086,-3.1614397157626373,170.6942233077244,53.21513532819282,2.3824125064589077,7.190310509183689,1.9251128512340596,3.0,2,Saudável
USIM3.SA,USIMINAS    ON      N1,2024-12-31,39871790000.0,13188102000.0,23881787000.0,5200342000.0,6617591000.0,1040511000.0,6480247000.0,519058000.0,-183439000.0,532989000.0,,,,,,,-2.830740865278746,8.2248253808844,0.5522242535703045,0.0,0,Risco
USIM3.SA,USIMINAS    ON      N1,2025-03-31,40744288000.0,13476996000.0,24428267000.0,5780479000.0,7664949000.0,885413000.0,6857744000.0,772795000.0,300853000.0,1012230000.0,2.188258916893382,2.2882709740271956,11.155747064327691,5.825348941174613,-264.0071086301168,89.91573934921733,4.387054984846329,14.760393505502684,0.551696769975537,1.0,1,Atenção
USIM3.SA,USIMINAS    ON      N1,2025-06-30,40655884000.0,13506756000.0,24277714000.0,5952963000.0,7463116000.0,917368000.0,6626381000.0,493191000.0,95182000.0,366627000.0,-0.21697274474400396,-0.616306510813891,2.9839049670451256,-3.3737479847600005,-68.36262227732482,-63.7802673305474,1.4364100102303203,5.532839116857302,0.5563438139192183,2.0,1,Atenção
USIM3.SA,USIMINAS    ON      N1,2025-12-31,35684766000.0,11983385000.0,20813879000.0,5141617000.0,6205848000.0,777198000.0,6175087000.0,471439000.0,65754000.0,690941000.0,-12.227302694980146,-14.26755006669903,-13.629280074477201,-6.810565224064236,-30.917610472568345,88.4588423656741,1.0648271028408183,11.189170290232347,0.5757401107213125,3.0,2,Saudável
USIM3.SA,USIMINAS    ON      N1,2026-03-31,34754321000.0,11346814000.0,20537260000.0,4712094000.0,6067218000.0,654414000.0,5870989000.0,708560000.0,771436000.0,980096000.0,-2.607401152637512,-1.3290122422639272,-8.353850549350527,-4.9245945846592925,1073.2153176993033,41.84944879519381,13.139796378429597,16.69388241061259,0.5524989214724847,3.0,2,Saudável
USIM5.SA,USIMINAS    PNA     N1,2024-12-31,39871790000.0,13188102000.0,23881787000.0,5200342000.0,6617591000.0,1040511000.0,6480247000.0,519058000.0,-183439000.0,532989000.0,,,,,,,-2.830740865278746,8.2248253808844,0.5522242535703045,0.0,0,Risco
USIM5.SA,USIMINAS    PNA     N1,2025-03-31,40744288000.0,13476996000.0,24428267000.0,5780479000.0,7664949000.0,885413000.0,6857744000.0,772795000.0,300853000.0,1012230000.0,2.188258916893382,2.2882709740271956,11.155747064327691,5.825348941174613,-264.0071086301168,89.91573934921733,4.387054984846329,14.760393505502684,0.551696769975537,1.0,1,Atenção
USIM5.SA,USIMINAS    PNA     N1,2025-06-30,40655884000.0,13506756000.0,24277714000.0,5952963000.0,7463116000.0,917368000.0,6626381000.0,493191000.0,95182000.0,366627000.0,-0.21697274474400396,-0.616306510813891,2.9839049670451256,-3.3737479847600005,-68.36262227732482,-63.7802673305474,1.4364100102303203,5.532839116857302,0.5563438139192183,2.0,1,Atenção
USIM5.SA,USIMINAS    PNA     N1,2025-12-31,35684766000.0,11983385000.0,20813879000.0,5141617000.0,6205848000.0,777198000.0,6175087000.0,471439000.0,65754000.0,690941000.0,-12.227302694980146,-14.26755006669903,-13.629280074477201,-6.810565224064236,-30.917610472568345,88.4588423656741,1.0648271028408183,11.189170290232347,0.5757401107213125,3.0,2,Saudável
USIM5.SA,USIMINAS    PNA     N1,2026-03-31,34754321000.0,11346814000.0,20537260000.0,4712094000.0,6067218000.0,654414000.0,5870989000.0,708560000.0,771436000.0,980096000.0,-2.607401152637512,-1.3290122422639272,-8.353850549350527,-4.9245945846592925,1073.2153176993033,41.84944879519381,13.139796378429597,16.69388241061259,0.5524989214724847,3.0,2,Saudável
VALE3.SA,VALE        ON      NM,2025-03-31,83430000000.0,47068000000.0,35207000000.0,3955000000.0,17157000000.0,784000000.0,8119000000.0,2668000000.0,1394000000.0,3032000000.0,,,,,,,17.16960216775465,37.34450055425545,1.3368932314596529,1.0,1,Atenção
VALE3.SA,VALE        ON      NM,2025-06-30,90383000000.0,49874000000.0,39264000000.0,5514000000.0,18915000000.0,860000000.0,8804000000.0,2719000000.0,2117000000.0,3230000000.0,8.333932638139752,11.523276621126488,39.418457648546145,8.436999630496356,51.8651362984218,6.530343007915573,24.045888232621536,36.687869150386184,1.2702220863895681,2.0,2,Saudável
VALE3.SA,VALE        ON      NM,2025-09-30,91190000000.0,48909000000.0,41038000000.0,5902000000.0,20042000000.0,645000000.0,10420000000.0,3788000000.0,2685000000.0,3676000000.0,0.8928670214531476,4.518133659331713,7.03663402248822,18.355293048614275,26.830420406235245,13.808049535603706,25.767754318618042,35.27831094049904,1.191797845898923,3.0,2,Saudável
VALE3.SA,VALE        ON      NM,2025-12-31,86525000000.0,52175000000.0,33509000000.0,7372000000.0,20611000000.0,682000000.0,11060000000.0,4281000000.0,-3844000000.0,-97000000.0,-5.115692510143655,-18.346410643793554,24.906811250423576,6.142034548944331,-243.16573556797022,-102.63873775843308,-34.75587703435804,-0.8770343580470163,1.557044376137754,2.0,0,Risco
VALE3.SA,VALE        ON      NM,2026-03-31,87591000000.0,50039000000.0,36651000000.0,5085000000.0,20952000000.0,762000000.0,9258000000.0,3085000000.0,1893000000.0,3887000000.0,1.2320138688240334,9.376585394968506,-31.022788931090616,-16.292947558770344,-149.24557752341312,-4107.216494845361,20.447180816591057,41.98531000216029,1.365283348339745,2.0,2,Saudável
VAMO3.SA,VAMOS       ON      NM,2025-03-31,22404556000.0,19916311000.0,2488245000.0,75609000.0,15094261000.0,1207481000.0,1332016000.0,730162000.0,107830000.0,956515000.0,,,,,,,8.095248105127867,71.80957285798368,8.004159960132544,1.0,0,Risco
VAMO3.SA,VAMOS       ON      NM,2025-06-30,22443444000.0,19839220000.0,2604224000.0,104067000.0,14915108000.0,1492285000.0,1411666000.0,753901000.0,92765000.0,1041873000.0,0.17357183958477407,4.661076381144147,37.63837638376384,5.979657902007185,-13.971065566168972,8.923853781697089,6.57131361100997,73.8044976644617,7.6180927600697945,2.0,1,Atenção
VAMO3.SA,VAMOS       ON      NM,2025-09-30,23021635000.0,20391040000.0,2630595000.0,147230000.0,14710247000.0,1714687000.0,1529007000.0,740065000.0,50447000.0,1042810000.0,2.5762133476484372,1.0126241060676833,41.47616439409227,8.312235330453511,-45.61849835606101,0.08993418583647106,3.299330872912943,68.20178063278978,7.751493483413448,3.0,2,Saudável
VAMO3.SA,VAMOS       ON      NM,2025-12-31,22964587000.0,20402511000.0,2562076000.0,325423000.0,14928953000.0,1690392000.0,1483023000.0,793474000.0,77660000.0,974891000.0,-0.2478016874127298,-2.604695895795439,121.03036066019155,-3.0074420849610206,53.943742938133084,-6.513075248607125,5.236601185551404,65.73674177676273,7.963273142560954,3.0,2,Saudável
VAMO3.SA,VAMOS       ON      NM,2026-03-31,22981836000.0,20377136000.0,2604700000.0,174845000.0,14787479000.0,1787069000.0,1620290000.0,764943000.0,86638000.0,984331000.0,0.07511130071704564,1.6636508831119778,-46.27146821214235,9.25589151348294,11.560648982745292,0.9683133806753785,5.347067500262299,60.75029778619877,7.823218028947672,3.0,1,Atenção
VBBR3.SA,VIBRA       ON      NM,2024-12-31,49000000000.0,28615000000.0,20385000000.0,10480000000.0,17754000000.0,2775000000.0,44293000000.0,1961000000.0,510000000.0,1028000000.0,,,,,,,1.1514234754927415,2.3209084956990944,1.403728231542801,1.0,1,Atenção
VBBR3.SA,VIBRA       ON      NM,2025-03-31,62234000000.0,41230000000.0,20557000000.0,5473000000.0,22222000000.0,3560000000.0,44906000000.0,2340000000.0,615000000.0,1763000000.0,27.00816326530613,0.8437576649497069,-47.776717557251914,1.3839658636804808,20.58823529411764,71.49805447470816,1.3695274573553646,3.9259787110853783,2.0056428467188794,2.0,1,Atenção
VBBR3.SA,VIBRA       ON      NM,2025-06-30,59651000000.0,38638000000.0,20849000000.0,4351000000.0,21580000000.0,3229000000.0,45609000000.0,1890000000.0,292000000.0,1393000000.0,-4.150464376385898,1.4204407257868423,-20.500639503014796,1.5654923618224625,-52.52032520325203,-20.98695405558707,0.640224517090925,3.0542217544782826,1.8532303707611877,3.0,1,Atenção
VBBR3.SA,VIBRA       ON      NM,2025-12-31,60963000000.0,40222000000.0,20607000000.0,3647000000.0,21233000000.0,1235000000.0,50318000000.0,2626000000.0,679000000.0,1498000000.0,2.1994601934586244,-1.160727133195838,-16.18018846242243,10.324716612949203,132.53424657534248,7.537688442211055,1.3494177034063357,2.977065861123256,1.9518610181006455,3.0,1,Atenção
VBBR3.SA,VIBRA       ON      NM,2026-03-31,64225000000.0,42384000000.0,21729000000.0,5107000000.0,20425000000.0,2801000000.0,48100000000.0,3079000000.0,1617000000.0,2983000000.0,5.350786542657016,5.4447517833745795,40.032903756512205,-4.4079653404348385,138.1443298969072,99.13217623497997,3.3617463617463614,6.201663201663202,1.9505729670026233,3.0,2,Saudável
VITT3.SA,VITTIA      ON      NM,2025-03-31,985798000.0,356990000.0,628625000.0,17696000.0,97445000.0,145372000.0,137820000.0,42041000.0,-1887000.0,9378000.0,,,,,,,-1.369177187636047,6.804527644754027,0.5678902366275601,0.0,0,Risco
VITT3.SA,VITTIA      ON      NM,2025-06-30,910741000.0,309060000.0,601557000.0,63607000.0,81981000.0,104561000.0,99059000.0,14132000.0,-21052000.0,-18570000.0,-7.613831636907353,-4.305905746669314,259.44281193490053,-28.124365113916706,1015.6332803391628,-298.0166346769034,-21.25198114255141,-18.746403658425788,0.5137667752183085,0.0,0,Risco
VITT3.SA,VITTIA      ON      NM,2025-09-30,929749000.0,312205000.0,617380000.0,76029000.0,49539000.0,150076000.0,324954000.0,104757000.0,39502000.0,62354000.0,2.087091719819356,2.630340931948272,19.529297089942933,228.04086453527694,-287.64012920387614,-435.77813677975234,12.15618210577497,19.188562073401158,0.5056934141047653,1.0,2,Saudável
VITT3.SA,VITTIA      ON      NM,2025-12-31,929946000.0,285573000.0,644605000.0,47963000.0,48627000.0,131886000.0,258149000.0,82711000.0,50036000.0,70658000.0,0.021188514319447904,4.4097638407463835,-36.91486143445264,-20.558294404746512,26.667004202318868,13.317509702665431,19.38260461981259,27.371014414156164,0.4430201441192668,2.0,2,Saudável
VITT3.SA,VITTIA      ON      NM,2026-03-31,966544000.0,334046000.0,632730000.0,49985000.0,47716000.0,183398000.0,121914000.0,35216000.0,-6482000.0,5062000.0,3.9354973299524865,-1.842213448546004,4.215749640347766,-52.77378568191238,-112.9546726357023,-92.83591383848963,-5.316862706498023,4.1521072231244975,0.527943988747175,2.0,0,Risco
VIVA3.SA,VIVARA S.A. ON      NM,2024-12-31,4273730000.0,1776788000.0,2496942000.0,278153000.0,285191000.0,216372000.0,913301000.0,678566000.0,299458034.0,336223970.0,,,,,,,32.7885367474688,36.81414670519358,0.7115856115200113,1.0,1,Atenção
VIVA3.SA,VIVARA S.A. ON      NM,2025-03-31,4228264000.0,1616324000.0,2611940000.0,149941000.0,328311000.0,238313000.0,455535000.0,283133000.0,115038000.0,137343000.0,-1.0638482075376765,4.605553513057181,-46.09405614895399,-50.12213936040801,-61.58460053203982,-59.15133593836275,25.253383384372224,30.14982383351444,0.6188212592938582,2.0,1,Atenção
VIVA3.SA,VIVARA S.A. ON      NM,2025-06-30,4286200000.0,1523691000.0,2762509000.0,186085000.0,316824000.0,257917000.0,761021000.0,550207000.0,151089000.0,228532000.0,1.370207725913053,5.764642373101991,24.105481489385827,67.06092835896254,31.33834037448495,66.39508384118594,19.85346002278518,30.02965752587642,0.5515605560018085,3.0,2,Saudável
VIVA3.SA,VIVARA S.A. ON      NM,2025-12-31,4722692000.0,1773128000.0,2949564000.0,398644000.0,298303000.0,330648000.0,729921000.0,381939000.0,177527000.0,280259000.0,10.183659185292338,6.771199659440019,114.22683182416637,-4.086615218239709,17.49829570650412,22.634466945548116,24.32139916511513,38.39579899742575,0.6011491867950653,3.0,2,Saudável
VIVA3.SA,VIVARA S.A. ON      NM,2026-03-31,4675668000.0,1645379000.0,3030289000.0,308474000.0,298394000.0,310914000.0,530541000.0,351387000.0,80795000.0,132028000.0,-0.9957032980342562,2.7368451744054445,-22.619179016867175,-27.315284804793947,-54.48861299971273,-52.890718942121396,15.228794758557774,24.88554136249602,0.5429775839862139,3.0,2,Saudável
VIVT3.SA,TELEF BRASILON,2025-03-31,126605065000.0,58460739000.0,68076025000.0,8185114000.0,3633439000.0,6603921000.0,14390273000.0,6354391000.0,1058212000.0,5877493000.0,,,,,,,7.353661740816175,40.843512836761334,0.8587566474393885,1.0,1,Atenção
VIVT3.SA,TELEF BRASILON,2025-06-30,126475682000.0,58336000000.0,68076737000.0,9443869000.0,3604796000.0,6793264000.0,14645092000.0,6618715000.0,1344454000.0,5481039000.0,-0.10219417366912342,0.0010458895036924432,15.378588496140665,1.7707725211328462,27.04958930724657,-6.745290891881961,9.18023594525729,37.425773767757825,0.8569153365855359,2.0,2,Saudável
VIVT3.SA,TELEF BRASILON,2025-09-30,123899419000.0,55399015000.0,68438152000.0,6796561000.0,3590815000.0,4911158000.0,14949056000.0,6804894000.0,1888359000.0,6006718000.0,-2.036963121495561,0.5308935415044846,-28.032027974975083,2.075534930063938,40.45545626700504,9.590864067925796,12.631961509810385,40.18125291657213,0.8094756123748053,3.0,2,Saudável
VIVT3.SA,TELEF BRASILON,2025-12-31,128071708000.0,59068982000.0,68721743000.0,7032339000.0,4448139000.0,5348864000.0,15610579000.0,6891632000.0,1876881000.0,6219449000.0,3.3674806820522596,0.4143755956472983,3.4690779645764946,4.425182432924202,-0.6078293375359256,3.541551309716895,12.023135080383629,39.84124483787565,0.8595384724162192,3.0,2,Saudável
VIVT3.SA,TELEF BRASILON,2026-03-31,130484952000.0,60708455000.0,69499962000.0,9054008000.0,4460491000.0,5192605000.0,15457015000.0,6942503000.0,1261083000.0,6319104000.0,1.8842912597058614,1.132420346206886,28.748173260703158,-0.98371751617925,-32.80964536377107,1.602312359181668,8.15864512003126,40.881787330865635,0.873503427239284,3.0,2,Saudável
VTRU3.SA,VITRUEDUCA  ON      NM,2025-03-31,5941959000.0,3333353000.0,2608606000.0,35138000.0,2337969000.0,152102000.0,545891000.0,354983000.0,49943000.0,189131000.0,,,,,,,9.148896025030638,34.64629385719859,1.2778292313979192,1.0,1,Atenção
VTRU3.SA,VITRUEDUCA  ON      NM,2025-06-30,5946304000.0,3210019000.0,2736285000.0,30814000.0,2333959000.0,73394000.0,606006000.0,411626000.0,127296000.0,257106000.0,0.07312403199011275,4.894529875343379,-12.305765837554784,11.01227168061023,154.88256612538294,35.94069718872104,21.005732616508748,42.42631261076623,1.1731303574006362,2.0,2,Saudável
VTRU3.SA,VITRUEDUCA  ON      NM,2025-09-30,6116293000.0,3281449000.0,2834844000.0,34271000.0,2335341000.0,174071000.0,549065000.0,347168000.0,98221000.0,231452000.0,2.858733761341492,3.6019274308048965,11.218926461997803,-9.396111589654232,-22.840466314731025,-9.977985733510696,17.888774553103914,42.15384335188001,1.1575412968050447,3.0,2,Saudável
VTRU3.SA,VITRUEDUCA  ON      NM,2025-12-31,6093744000.0,3167979000.0,2925765000.0,69510000.0,2218275000.0,198805000.0,558116000.0,369023000.0,94431000.0,207147000.0,-0.3686710234450885,3.207266431591993,102.82454553412505,1.6484387094424235,-3.858645299884955,-10.50109741976738,16.919600943173105,37.115402532806804,1.0827865532604293,3.0,2,Saudável
VTRU3.SA,VITRUEDUCA  ON      NM,2026-03-31,6940209000.0,3217778000.0,3722431000.0,36451000.0,2229066000.0,292704000.0,579236000.0,391621000.0,794918000.0,250378000.0,13.890721369325654,27.229322929216803,-47.56006330024457,3.7841595653950177,741.797714733509,20.86972053662375,137.23559999723773,43.225559184857296,0.8644291861957951,3.0,2,Saudável
VULC3.SA,VULCABRAS   ON      NM,2024-12-31,2993308000.0,882969000.0,2109976000.0,307660000.0,136643000.0,208064000.0,905719000.0,376940000.0,169199000.0,204516000.0,,,,,,,18.681180366095887,22.580513382185867,0.41847348026707415,1.0,1,Atenção
VULC3.SA,VULCABRAS   ON      NM,2025-03-31,2933303000.0,727004000.0,2205963000.0,243846000.0,102452000.0,163197000.0,701194000.0,281901000.0,106072000.0,153807000.0,-2.0046383466051587,4.549198663871068,-20.74172788142755,-22.581507067865424,-37.30932215911441,-24.794637094408255,15.127339937306935,21.935013705194283,0.32956309783980964,2.0,2,Saudável
VULC3.SA,VULCABRAS   ON      NM,2025-06-30,3348381000.0,992025000.0,2356047000.0,211761000.0,98173000.0,266622000.0,894811000.0,365405000.0,353285000.0,442491000.0,14.150532693008522,6.803559261873393,-13.157894736842103,27.612472439866863,233.06150539256353,187.6923677075816,39.48152179622289,49.450777873763286,0.42105484313343494,3.0,2,Saudável
VULC3.SA,VULCABRAS   ON      NM,2025-12-31,3878996000.0,1451651000.0,2427005000.0,203970000.0,644343000.0,341695000.0,1008606000.0,417886000.0,158794000.0,237767000.0,15.84691228387689,3.011739579049144,-3.6791477184184074,12.717210673538881,-55.05215336060121,-46.26625174297331,15.743907928368461,23.57382367346615,0.5981244373208955,3.0,2,Saudável
VULC3.SA,VULCABRAS   ON      NM,2026-03-31,4023662000.0,1517419000.0,2505916000.0,349673000.0,590959000.0,440578000.0,776382000.0,313540000.0,80133000.0,157986000.0,3.7294702031144045,3.251373606564467,71.4335441486493,-23.02425327630413,-49.53650641711903,-33.55427792755093,10.321336661591845,20.349003454485036,0.6055346627740116,3.0,2,Saudável
VVEO3.SA,VIVEO       ON      NM,2025-03-31,9371027000.0,7502396000.0,1868631000.0,861446000.0,3394951000.0,460869000.0,2784893000.0,384218000.0,-58934000.0,186130000.0,,,,,,,-2.1162033873473773,6.683560194233674,4.014915732426573,0.0,0,Risco
VVEO3.SA,VIVEO       ON      NM,2025-06-30,9204031000.0,7416828000.0,1787203000.0,788881000.0,3280392000.0,483053000.0,2815509000.0,422451000.0,-71358000.0,232691000.0,-1.7820458739474354,-4.357628659697932,-8.423627249995935,1.0993600113182067,21.081209488580456,25.0153118787944,-2.5344617971386345,8.264615740883798,4.149963938064115,0.0,0,Risco
VVEO3.SA,VIVEO       ON      NM,2025-09-30,9063534000.0,7048776000.0,2014758000.0,753110000.0,2809872000.0,895506000.0,2833653000.0,415630000.0,226877000.0,553787000.0,-1.5264724771135607,12.73246519841338,-4.534397456650618,0.6444305452406596,-417.94192662350406,137.99244491621937,8.006520205543868,19.543218594513867,3.498572036939424,1.0,1,Atenção
VVEO3.SA,VIVEO       ON      NM,2025-12-31,8983758000.0,7046669000.0,1937089000.0,573643000.0,2442465000.0,1096342000.0,3132871000.0,447062000.0,-78346000.0,150189000.0,-0.8801864703105844,-3.855003926029821,-23.8301177782794,10.559443940383662,-134.53236775874151,-72.87964506209066,-2.500773252393731,4.793973323510607,3.6377621265723983,1.0,0,Risco
VVEO3.SA,VIVEO       ON      NM,2026-03-31,8963502000.0,7082879000.0,1880623000.0,471121000.0,2436402000.0,1074189000.0,2831920000.0,446479000.0,-57008000.0,180343000.0,-0.22547357130501267,-2.914992548096651,-17.8720911786599,-9.606236579801719,-27.23559594618743,20.077369181497986,-2.013051216136049,6.3682236786349895,3.766240761705031,1.0,0,Risco
WEGE3.SA,WEG         ON      NM,2024-12-31,41489701000.0,18364484000.0,22204221000.0,7347599000.0,744281000.0,2958624000.0,10822276000.0,3618227000.0,1694296000.0,2482457000.0,,,,,,,15.655634729700111,22.938400388236264,0.82707175360937,1.0,1,Atenção
WEGE3.SA,WEG         ON      NM,2025-03-31,39323514000.0,17094726000.0,21281621000.0,4989220000.0,248759000.0,3089513000.0,10078571000.0,3316020000.0,1546036000.0,2251810000.0,-5.2210234053024385,-4.155065831852422,-32.0972742252265,-6.871983305544971,-8.75053709623348,-9.291077347966148,15.339833395031896,22.34255233207168,0.8032624018630912,2.0,2,Saudável
WEGE3.SA,WEG         ON      NM,2025-06-30,39836839000.0,16688717000.0,22215931000.0,4983527000.0,322475000.0,2398025000.0,10207227000.0,3435581000.0,1591952000.0,2835643000.0,1.305389442052407,4.390220087088292,-0.11410601256308661,1.2765301747638569,2.969917906180708,25.927276279970336,15.596322096099167,27.780738098604058,0.7512049348730873,3.0,2,Saudável
WEGE3.SA,WEG         ON      NM,2025-12-31,42645030000.0,24091666000.0,17417185000.0,6296498000.0,1041508000.0,3771248000.0,10246790000.0,3481484000.0,1587762000.0,2440492000.0,7.049231491484553,-21.600472201682653,26.346220257259567,0.3875979244901684,-0.2631988904188032,-13.935146278992105,15.49521362299803,23.817136878964046,1.3832123847797448,3.0,2,Saudável
WEGE3.SA,WEG         ON      NM,2026-03-31,43377646000.0,24321777000.0,17718343000.0,6360547000.0,992832000.0,3274080000.0,9468313000.0,2995816000.0,1457187000.0,2206211000.0,1.7179399334459333,1.729085383200557,1.0172162367080961,-7.597276805711839,-8.223839593087634,-9.59974464165423,15.39014394644537,23.300993534962352,1.3726891391593445,3.0,2,Saudável
YDUQ3.SA,YDUQS PART  ON      NM,2025-03-31,9836015000.0,6717953000.0,3103975000.0,586431000.0,3083607000.0,898993000.0,1487132000.0,968659000.0,128590000.0,473752000.0,,,,,,,8.646845068225282,31.85675515018169,2.1643064135503667,1.0,1,Atenção
YDUQ3.SA,YDUQS PART  ON      NM,2025-06-30,9549663000.0,6494936000.0,3041058000.0,490765000.0,2881430000.0,1019310000.0,1378252000.0,798397000.0,3528000.0,364705000.0,-2.91126030206339,-2.0269815317455864,-16.313257655205817,-7.3214751615862,-97.25639629831247,-23.017739239095558,0.25597641069993005,26.461416344761336,2.135748808473893,2.0,1,Atenção
YDUQ3.SA,YDUQS PART  ON      NM,2025-09-30,9712518000.0,6553985000.0,3134368000.0,625153000.0,2683044000.0,1283997000.0,1351635000.0,811518000.0,97750000.0,489795000.0,1.7053481363688006,3.068340031660033,27.383370859780133,-1.931214320748309,2670.6916099773243,34.29895394908213,7.231982006976735,36.237223806722966,2.091006863265577,3.0,2,Saudável
YDUQ3.SA,YDUQS PART  ON      NM,2025-12-31,9919168000.0,6951126000.0,2945027000.0,982314000.0,3183057000.0,1216911000.0,1304720000.0,762134000.0,-48377000.0,362843000.0,2.1276665845046505,-6.040803122032889,57.13177414169011,-3.4709814409955353,-149.490537084399,-25.91941526557029,-3.7078453614568643,27.810028205285427,2.360292791882723,2.0,0,Risco
YDUQ3.SA,YDUQS PART  ON      NM,2026-03-31,9712809000.0,6692169000.0,2997625000.0,571424000.0,3184395000.0,846816000.0,1508797000.0,971939000.0,65690000.0,429252000.0,-2.080406340531782,1.78599381262039,-41.828783871552275,15.641440309031829,-235.78766769332535,18.302406274890238,4.353799749071611,28.449950523496536,2.2324903882240106,2.0,1,Atenção
